solar_date,solar_ganzi,jeolki,lunar_date,lunar_ganzi
2020-01-01,己亥年 丙寅月 癸巳日,,,
2020-01-02,己亥年 丙寅月 甲午日,,,
2020-01-03,己亥年 丙寅月 乙未日,,,
2020-01-04,己亥年 丙寅月 丙申日,,,
2020-01-05,己亥年 丙寅月 丁酉日,,,
2020-01-06,己亥年 丙寅月 戊戌日,소한,,
2020-01-07,己亥年 丙寅月 己亥日,,,
2020-01-08,己亥年 丙寅月 庚子日,,,
2020-01-09,己亥年 丙寅月 辛丑日,,,
2020-01-10,己亥年 丙寅月 壬寅日,,,
2020-01-11,己亥年 丙寅月 癸卯日,,,
2020-01-12,己亥年 丙寅月 甲辰日,,,
2020-01-13,己亥年 丙寅月 乙巳日,,,
2020-01-14,己亥年 丙寅月 丙午日,,,
2020-01-15,己亥年 丙寅月 丁未日,,,
2020-01-16,己亥年 丙寅月 戊申日,,,
2020-01-17,己亥年 丙寅月 己酉日,,,
2020-01-18,己亥年 丙寅月 庚戌日,,,
2020-01-19,己亥年 丙寅月 辛亥日,,,
2020-01-20,己亥年 丙寅月 壬子日,대한,,
2020-01-21,己亥年 丙寅月 癸丑日,,,
2020-01-22,己亥年 丙寅月 甲寅日,,,
2020-01-23,己亥年 丙寅月 乙卯日,,,
2020-01-24,己亥年 丙寅月 丙辰日,,,
2020-01-25,己亥年 丙寅月 丁巳日,,,
2020-01-26,己亥年 丙寅月 戊午日,,,
2020-01-27,己亥年 丙寅月 己未日,,,
2020-01-28,己亥年 丙寅月 庚申日,,,
2020-01-29,己亥年 丙寅月 辛酉日,,,
2020-01-30,己亥年 丙寅月 壬戌日,,,
2020-01-31,己亥年 丙寅月 癸亥日,,,
2020-02-01,己亥年 丁卯月 甲子日,,,
2020-02-02,己亥年 丁卯月 乙丑日,,,
2020-02-03,己亥年 丁卯月 丙寅日,,,
2020-02-04,庚子年 己卯月 丁卯日,입춘,,
2020-02-05,庚子年 己卯月 戊辰日,,,
2020-02-06,庚子年 己卯月 己巳日,,,
2020-02-07,庚子年 己卯月 庚午日,,,
2020-02-08,庚子年 己卯月 辛未日,,,
2020-02-09,庚子年 己卯月 壬申日,,,
2020-02-10,庚子年 己卯月 癸酉日,,,
2020-02-11,庚子年 己卯月 甲戌日,,,
2020-02-12,庚子年 己卯月 乙亥日,,,
2020-02-13,庚子年 己卯月 丙子日,,,
2020-02-14,庚子年 己卯月 丁丑日,,,
2020-02-15,庚子年 己卯月 戊寅日,,,
2020-02-16,庚子年 己卯月 己卯日,,,
2020-02-17,庚子年 己卯月 庚辰日,,,
2020-02-18,庚子年 己卯月 辛巳日,,,
2020-02-19,庚子年 己卯月 壬午日,우수,,
2020-02-20,庚子年 己卯月 癸未日,,,
2020-02-21,庚子年 己卯月 甲申日,,,
2020-02-22,庚子年 己卯月 乙酉日,,,
2020-02-23,庚子年 己卯月 丙戌日,,,
2020-02-24,庚子年 己卯月 丁亥日,,,
2020-02-25,庚子年 己卯月 戊子日,,,
2020-02-26,庚子年 己卯月 己丑日,,,
2020-02-27,庚子年 己卯月 庚寅日,,,
2020-02-28,庚子年 己卯月 辛卯日,,,
2020-02-29,庚子年 己卯月 壬辰日,,,
2020-03-01,庚子年 庚辰月 癸巳日,,,
2020-03-02,庚子年 庚辰月 甲午日,,,
2020-03-03,庚子年 庚辰月 乙未日,,,
2020-03-04,庚子年 庚辰月 丙申日,,,
2020-03-05,庚子年 庚辰月 丁酉日,,,
2020-03-06,庚子年 庚辰月 戊戌日,경칩,,
2020-03-07,庚子年 庚辰月 己亥日,,,
2020-03-08,庚子年 庚辰月 庚子日,,,
2020-03-09,庚子年 庚辰月 辛丑日,,,
2020-03-10,庚子年 庚辰月 壬寅日,,,
2020-03-11,庚子年 庚辰月 癸卯日,,,
2020-03-12,庚子年 庚辰月 甲辰日,,,
2020-03-13,庚子年 庚辰月 乙巳日,,,
2020-03-14,庚子年 庚辰月 丙午日,,,
2020-03-15,庚子年 庚辰月 丁未日,,,
2020-03-16,庚子年 庚辰月 戊申日,,,
2020-03-17,庚子年 庚辰月 己酉日,,,
2020-03-18,庚子年 庚辰月 庚戌日,,,
2020-03-19,庚子年 庚辰月 辛亥日,,,
2020-03-20,庚子年 庚辰月 壬子日,,,
2020-03-21,庚子年 庚辰月 癸丑日,춘분,,
2020-03-22,庚子年 庚辰月 甲寅日,,,
2020-03-23,庚子年 庚辰月 乙卯日,,,
2020-03-24,庚子年 庚辰月 丙辰日,,,
2020-03-25,庚子年 庚辰月 丁巳日,,,
2020-03-26,庚子年 庚辰月 戊午日,,,
2020-03-27,庚子年 庚辰月 己未日,,,
2020-03-28,庚子年 庚辰月 庚申日,,,
2020-03-29,庚子年 庚辰月 辛酉日,,,
2020-03-30,庚子年 庚辰月 壬戌日,,,
2020-03-31,庚子年 庚辰月 癸亥日,,,
2020-04-01,庚子年 辛巳月 甲子日,,,
2020-04-02,庚子年 辛巳月 乙丑日,,,
2020-04-03,庚子年 辛巳月 丙寅日,,,
2020-04-04,庚子年 辛巳月 丁卯日,,,
2020-04-05,庚子年 辛巳月 戊辰日,청명,,
2020-04-06,庚子年 辛巳月 己巳日,,,
2020-04-07,庚子年 辛巳月 庚午日,,,
2020-04-08,庚子年 辛巳月 辛未日,,,
2020-04-09,庚子年 辛巳月 壬申日,,,
2020-04-10,庚子年 辛巳月 癸酉日,,,
2020-04-11,庚子年 辛巳月 甲戌日,,,
2020-04-12,庚子年 辛巳月 乙亥日,,,
2020-04-13,庚子年 辛巳月 丙子日,,,
2020-04-14,庚子年 辛巳月 丁丑日,,,
2020-04-15,庚子年 辛巳月 戊寅日,,,
2020-04-16,庚子年 辛巳月 己卯日,,,
2020-04-17,庚子年 辛巳月 庚辰日,,,
2020-04-18,庚子年 辛巳月 辛巳日,,,
2020-04-19,庚子年 辛巳月 壬午日,,,
2020-04-20,庚子年 辛巳月 癸未日,곡우,,
2020-04-21,庚子年 辛巳月 甲申日,,,
2020-04-22,庚子年 辛巳月 乙酉日,,,
2020-04-23,庚子年 辛巳月 丙戌日,,,
2020-04-24,庚子年 辛巳月 丁亥日,,,
2020-04-25,庚子年 辛巳月 戊子日,,,
2020-04-26,庚子年 辛巳月 己丑日,,,
2020-04-27,庚子年 辛巳月 庚寅日,,,
2020-04-28,庚子年 辛巳月 辛卯日,,,
2020-04-29,庚子年 辛巳月 壬辰日,,,
2020-04-30,庚子年 辛巳月 癸巳日,,,
2020-05-01,庚子年 壬午月 甲午日,,,
2020-05-02,庚子年 壬午月 乙未日,,,
2020-05-03,庚子年 壬午月 丙申日,,,
2020-05-04,庚子年 壬午月 丁酉日,,,
2020-05-05,庚子年 壬午月 戊戌日,,,
2020-05-06,庚子年 壬午月 己亥日,입하,,
2020-05-07,庚子年 壬午月 庚子日,,,
2020-05-08,庚子年 壬午月 辛丑日,,,
2020-05-09,庚子年 壬午月 壬寅日,,,
2020-05-10,庚子年 壬午月 癸卯日,,,
2020-05-11,庚子年 壬午月 甲辰日,,,
2020-05-12,庚子年 壬午月 乙巳日,,,
2020-05-13,庚子年 壬午月 丙午日,,,
2020-05-14,庚子年 壬午月 丁未日,,,
2020-05-15,庚子年 壬午月 戊申日,,,
2020-05-16,庚子年 壬午月 己酉日,,,
2020-05-17,庚子年 壬午月 庚戌日,,,
2020-05-18,庚子年 壬午月 辛亥日,,,
2020-05-19,庚子年 壬午月 壬子日,,,
2020-05-20,庚子年 壬午月 癸丑日,,,
2020-05-21,庚子年 壬午月 甲寅日,소만,,
2020-05-22,庚子年 壬午月 乙卯日,,,
2020-05-23,庚子年 壬午月 丙辰日,,,
2020-05-24,庚子年 壬午月 丁巳日,,,
2020-05-25,庚子年 壬午月 戊午日,,,
2020-05-26,庚子年 壬午月 己未日,,,
2020-05-27,庚子年 壬午月 庚申日,,,
2020-05-28,庚子年 壬午月 辛酉日,,,
2020-05-29,庚子年 壬午月 壬戌日,,,
2020-05-30,庚子年 壬午月 癸亥日,,,
2020-05-31,庚子年 壬午月 甲子日,,,
2020-06-01,庚子年 癸未月 乙丑日,,,
2020-06-02,庚子年 癸未月 丙寅日,,,
2020-06-03,庚子年 癸未月 丁卯日,,,
2020-06-04,庚子年 癸未月 戊辰日,,,
2020-06-05,庚子年 癸未月 己巳日,,,
2020-06-06,庚子年 癸未月 庚午日,망종,,
2020-06-07,庚子年 癸未月 辛未日,,,
2020-06-08,庚子年 癸未月 壬申日,,,
2020-06-09,庚子年 癸未月 癸酉日,,,
2020-06-10,庚子年 癸未月 甲戌日,,,
2020-06-11,庚子年 癸未月 乙亥日,,,
2020-06-12,庚子年 癸未月 丙子日,,,
2020-06-13,庚子年 癸未月 丁丑日,,,
2020-06-14,庚子年 癸未月 戊寅日,,,
2020-06-15,庚子年 癸未月 己卯日,,,
2020-06-16,庚子年 癸未月 庚辰日,,,
2020-06-17,庚子年 癸未月 辛巳日,,,
2020-06-18,庚子年 癸未月 壬午日,,,
2020-06-19,庚子年 癸未月 癸未日,,,
2020-06-20,庚子年 癸未月 甲申日,,,
2020-06-21,庚子年 癸未月 乙酉日,하지,,
2020-06-22,庚子年 癸未月 丙戌日,,,
2020-06-23,庚子年 癸未月 丁亥日,,,
2020-06-24,庚子年 癸未月 戊子日,,,
2020-06-25,庚子年 癸未月 己丑日,,,
2020-06-26,庚子年 癸未月 庚寅日,,,
2020-06-27,庚子年 癸未月 辛卯日,,,
2020-06-28,庚子年 癸未月 壬辰日,,,
2020-06-29,庚子年 癸未月 癸巳日,,,
2020-06-30,庚子年 癸未月 甲午日,,,
2020-07-01,庚子年 甲申月 乙未日,,,
2020-07-02,庚子年 甲申月 丙申日,,,
2020-07-03,庚子年 甲申月 丁酉日,,,
2020-07-04,庚子年 甲申月 戊戌日,,,
2020-07-05,庚子年 甲申月 己亥日,,,
2020-07-06,庚子年 甲申月 庚子日,,,
2020-07-07,庚子年 甲申月 辛丑日,소서,,
2020-07-08,庚子年 甲申月 壬寅日,,,
2020-07-09,庚子年 甲申月 癸卯日,,,
2020-07-10,庚子年 甲申月 甲辰日,,,
2020-07-11,庚子年 甲申月 乙巳日,,,
2020-07-12,庚子年 甲申月 丙午日,,,
2020-07-13,庚子年 甲申月 丁未日,,,
2020-07-14,庚子年 甲申月 戊申日,,,
2020-07-15,庚子年 甲申月 己酉日,,,
2020-07-16,庚子年 甲申月 庚戌日,,,
2020-07-17,庚子年 甲申月 辛亥日,,,
2020-07-18,庚子年 甲申月 壬子日,,,
2020-07-19,庚子年 甲申月 癸丑日,,,
2020-07-20,庚子年 甲申月 甲寅日,,,
2020-07-21,庚子年 甲申月 乙卯日,,,
2020-07-22,庚子年 甲申月 丙辰日,,,
2020-07-23,庚子年 甲申月 丁巳日,대서,,
2020-07-24,庚子年 甲申月 戊午日,,,
2020-07-25,庚子年 甲申月 己未日,,,
2020-07-26,庚子年 甲申月 庚申日,,,
2020-07-27,庚子年 甲申月 辛酉日,,,
2020-07-28,庚子年 甲申月 壬戌日,,,
2020-07-29,庚子年 甲申月 癸亥日,,,
2020-07-30,庚子年 甲申月 甲子日,,,
2020-07-31,庚子年 甲申月 乙丑日,,,
2020-08-01,庚子年 乙酉月 丙寅日,,,
2020-08-02,庚子年 乙酉月 丁卯日,,,
2020-08-03,庚子年 乙酉月 戊辰日,,,
2020-08-04,庚子年 乙酉月 己巳日,,,
2020-08-05,庚子年 乙酉月 庚午日,,,
2020-08-06,庚子年 乙酉月 辛未日,,,
2020-08-07,庚子年 乙酉月 壬申日,,,
2020-08-08,庚子年 乙酉月 癸酉日,입추,,
2020-08-09,庚子年 乙酉月 甲戌日,,,
2020-08-10,庚子年 乙酉月 乙亥日,,,
2020-08-11,庚子年 乙酉月 丙子日,,,
2020-08-12,庚子年 乙酉月 丁丑日,,,
2020-08-13,庚子年 乙酉月 戊寅日,,,
2020-08-14,庚子年 乙酉月 己卯日,,,
2020-08-15,庚子年 乙酉月 庚辰日,,,
2020-08-16,庚子年 乙酉月 辛巳日,,,
2020-08-17,庚子年 乙酉月 壬午日,,,
2020-08-18,庚子年 乙酉月 癸未日,,,
2020-08-19,庚子年 乙酉月 甲申日,,,
2020-08-20,庚子年 乙酉月 乙酉日,,,
2020-08-21,庚子年 乙酉月 丙戌日,,,
2020-08-22,庚子年 乙酉月 丁亥日,,,
2020-08-23,庚子年 乙酉月 戊子日,처서,,
2020-08-24,庚子年 乙酉月 己丑日,,,
2020-08-25,庚子年 乙酉月 庚寅日,,,
2020-08-26,庚子年 乙酉月 辛卯日,,,
2020-08-27,庚子年 乙酉月 壬辰日,,,
2020-08-28,庚子年 乙酉月 癸巳日,,,
2020-08-29,庚子年 乙酉月 甲午日,,,
2020-08-30,庚子年 乙酉月 乙未日,,,
2020-08-31,庚子年 乙酉月 丙申日,,,
2020-09-01,庚子年 丙戌月 丁酉日,,,
2020-09-02,庚子年 丙戌月 戊戌日,,,
2020-09-03,庚子年 丙戌月 己亥日,,,
2020-09-04,庚子年 丙戌月 庚子日,,,
2020-09-05,庚子年 丙戌月 辛丑日,,,
2020-09-06,庚子年 丙戌月 壬寅日,,,
2020-09-07,庚子年 丙戌月 癸卯日,,,
2020-09-08,庚子年 丙戌月 甲辰日,백로,,
2020-09-09,庚子年 丙戌月 乙巳日,,,
2020-09-10,庚子年 丙戌月 丙午日,,,
2020-09-11,庚子年 丙戌月 丁未日,,,
2020-09-12,庚子年 丙戌月 戊申日,,,
2020-09-13,庚子年 丙戌月 己酉日,,,
2020-09-14,庚子年 丙戌月 庚戌日,,,
2020-09-15,庚子年 丙戌月 辛亥日,,,
2020-09-16,庚子年 丙戌月 壬子日,,,
2020-09-17,庚子年 丙戌月 癸丑日,,,
2020-09-18,庚子年 丙戌月 甲寅日,,,
2020-09-19,庚子年 丙戌月 乙卯日,,,
2020-09-20,庚子年 丙戌月 丙辰日,,,
2020-09-21,庚子年 丙戌月 丁巳日,,,
2020-09-22,庚子年 丙戌月 戊午日,,,
2020-09-23,庚子年 丙戌月 己未日,추분,,
2020-09-24,庚子年 丙戌月 庚申日,,,
2020-09-25,庚子年 丙戌月 辛酉日,,,
2020-09-26,庚子年 丙戌月 壬戌日,,,
2020-09-27,庚子年 丙戌月 癸亥日,,,
2020-09-28,庚子年 丙戌月 甲子日,,,
2020-09-29,庚子年 丙戌月 乙丑日,,,
2020-09-30,庚子年 丙戌月 丙寅日,,,
2020-10-01,庚子年 丁亥月 丁卯日,,,
2020-10-02,庚子年 丁亥月 戊辰日,,,
2020-10-03,庚子年 丁亥月 己巳日,,,
2020-10-04,庚子年 丁亥月 庚午日,,,
2020-10-05,庚子年 丁亥月 辛未日,,,
2020-10-06,庚子年 丁亥月 壬申日,,,
2020-10-07,庚子年 丁亥月 癸酉日,,,
2020-10-08,庚子年 丁亥月 甲戌日,한로,,
2020-10-09,庚子年 丁亥月 乙亥日,,,
2020-10-10,庚子年 丁亥月 丙子日,,,
2020-10-11,庚子年 丁亥月 丁丑日,,,
2020-10-12,庚子年 丁亥月 戊寅日,,,
2020-10-13,庚子年 丁亥月 己卯日,,,
2020-10-14,庚子年 丁亥月 庚辰日,,,
2020-10-15,庚子年 丁亥月 辛巳日,,,
2020-10-16,庚子年 丁亥月 壬午日,,,
2020-10-17,庚子年 丁亥月 癸未日,,,
2020-10-18,庚子年 丁亥月 甲申日,,,
2020-10-19,庚子年 丁亥月 乙酉日,,,
2020-10-20,庚子年 丁亥月 丙戌日,,,
2020-10-21,庚子年 丁亥月 丁亥日,,,
2020-10-22,庚子年 丁亥月 戊子日,,,
2020-10-23,庚子年 丁亥月 己丑日,,,
2020-10-24,庚子年 丁亥月 庚寅日,상강,,
2020-10-25,庚子年 丁亥月 辛卯日,,,
2020-10-26,庚子年 丁亥月 壬辰日,,,
2020-10-27,庚子年 丁亥月 癸巳日,,,
2020-10-28,庚子年 丁亥月 甲午日,,,
2020-10-29,庚子年 丁亥月 乙未日,,,
2020-10-30,庚子年 丁亥月 丙申日,,,
2020-10-31,庚子年 丁亥月 丁酉日,,,
2020-11-01,庚子年 戊子月 戊戌日,,,
2020-11-02,庚子年 戊子月 己亥日,,,
2020-11-03,庚子年 戊子月 庚子日,,,
2020-11-04,庚子年 戊子月 辛丑日,,,
2020-11-05,庚子年 戊子月 壬寅日,,,
2020-11-06,庚子年 戊子月 癸卯日,,,
2020-11-07,庚子年 戊子月 甲辰日,,,
2020-11-08,庚子年 戊子月 乙巳日,입동,,
2020-11-09,庚子年 戊子月 丙午日,,,
2020-11-10,庚子年 戊子月 丁未日,,,
2020-11-11,庚子年 戊子月 戊申日,,,
2020-11-12,庚子年 戊子月 己酉日,,,
2020-11-13,庚子年 戊子月 庚戌日,,,
2020-11-14,庚子年 戊子月 辛亥日,,,
2020-11-15,庚子年 戊子月 壬子日,,,
2020-11-16,庚子年 戊子月 癸丑日,,,
2020-11-17,庚子年 戊子月 甲寅日,,,
2020-11-18,庚子年 戊子月 乙卯日,,,
2020-11-19,庚子年 戊子月 丙辰日,,,
2020-11-20,庚子年 戊子月 丁巳日,,,
2020-11-21,庚子年 戊子月 戊午日,,,
2020-11-22,庚子年 戊子月 己未日,소설,,
2020-11-23,庚子年 戊子月 庚申日,,,
2020-11-24,庚子年 戊子月 辛酉日,,,
2020-11-25,庚子年 戊子月 壬戌日,,,
2020-11-26,庚子年 戊子月 癸亥日,,,
2020-11-27,庚子年 戊子月 甲子日,,,
2020-11-28,庚子年 戊子月 乙丑日,,,
2020-11-29,庚子年 戊子月 丙寅日,,,
2020-11-30,庚子年 戊子月 丁卯日,,,
2020-12-01,庚子年 己丑月 戊辰日,,,
2020-12-02,庚子年 己丑月 己巳日,,,
2020-12-03,庚子年 己丑月 庚午日,,,
2020-12-04,庚子年 己丑月 辛未日,,,
2020-12-05,庚子年 己丑月 壬申日,,,
2020-12-06,庚子年 己丑月 癸酉日,,,
2020-12-07,庚子年 己丑月 甲戌日,대설,,
2020-12-08,庚子年 己丑月 乙亥日,,,
2020-12-09,庚子年 己丑月 丙子日,,,
2020-12-10,庚子年 己丑月 丁丑日,,,
2020-12-11,庚子年 己丑月 戊寅日,,,
2020-12-12,庚子年 己丑月 己卯日,,,
2020-12-13,庚子年 己丑月 庚辰日,,,
2020-12-14,庚子年 己丑月 辛巳日,,,
2020-12-15,庚子年 己丑月 壬午日,,,
2020-12-16,庚子年 己丑月 癸未日,,,
2020-12-17,庚子年 己丑月 甲申日,,,
2020-12-18,庚子年 己丑月 乙酉日,,,
2020-12-19,庚子年 己丑月 丙戌日,,,
2020-12-20,庚子年 己丑月 丁亥日,,,
2020-12-21,庚子年 己丑月 戊子日,,,
2020-12-22,庚子年 己丑月 己丑日,동지,,
2020-12-23,庚子年 己丑月 庚寅日,,,
2020-12-24,庚子年 己丑月 辛卯日,,,
2020-12-25,庚子年 己丑月 壬辰日,,,
2020-12-26,庚子年 己丑月 癸巳日,,,
2020-12-27,庚子年 己丑月 甲午日,,,
2020-12-28,庚子年 己丑月 乙未日,,,
2020-12-29,庚子年 己丑月 丙申日,,,
2020-12-30,庚子年 己丑月 丁酉日,,,
2020-12-31,庚子年 己丑月 戊戌日,,,
2021-01-01,庚子年 戊寅月 己亥日,,,
2021-01-02,庚子年 戊寅月 庚子日,,,
2021-01-03,庚子年 戊寅月 辛丑日,,,
2021-01-04,庚子年 戊寅月 壬寅日,,,
2021-01-05,庚子年 戊寅月 癸卯日,,,
2021-01-06,庚子年 戊寅月 甲辰日,소한,,
2021-01-07,庚子年 戊寅月 乙巳日,,,
2021-01-08,庚子年 戊寅月 丙午日,,,
2021-01-09,庚子年 戊寅月 丁未日,,,
2021-01-10,庚子年 戊寅月 戊申日,,,
2021-01-11,庚子年 戊寅月 己酉日,,,
2021-01-12,庚子年 戊寅月 庚戌日,,,
2021-01-13,庚子年 戊寅月 辛亥日,,,
2021-01-14,庚子年 戊寅月 壬子日,,,
2021-01-15,庚子年 戊寅月 癸丑日,,,
2021-01-16,庚子年 戊寅月 甲寅日,,,
2021-01-17,庚子年 戊寅月 乙卯日,,,
2021-01-18,庚子年 戊寅月 丙辰日,,,
2021-01-19,庚子年 戊寅月 丁巳日,,,
2021-01-20,庚子年 戊寅月 戊午日,대한,,
2021-01-21,庚子年 戊寅月 己未日,,,
2021-01-22,庚子年 戊寅月 庚申日,,,
2021-01-23,庚子年 戊寅月 辛酉日,,,
2021-01-24,庚子年 戊寅月 壬戌日,,,
2021-01-25,庚子年 戊寅月 癸亥日,,,
2021-01-26,庚子年 戊寅月 甲子日,,,
2021-01-27,庚子年 戊寅月 乙丑日,,,
2021-01-28,庚子年 戊寅月 丙寅日,,,
2021-01-29,庚子年 戊寅月 丁卯日,,,
2021-01-30,庚子年 戊寅月 戊辰日,,,
2021-01-31,庚子年 戊寅月 己巳日,,,
2021-02-01,庚子年 己卯月 庚午日,,,
2021-02-02,庚子年 己卯月 辛未日,,,
2021-02-03,庚子年 己卯月 壬申日,,,
2021-02-04,辛丑年 辛卯月 癸酉日,입춘,,
2021-02-05,辛丑年 辛卯月 甲戌日,,,
2021-02-06,辛丑年 辛卯月 乙亥日,,,
2021-02-07,辛丑年 辛卯月 丙子日,,,
2021-02-08,辛丑年 辛卯月 丁丑日,,,
2021-02-09,辛丑年 辛卯月 戊寅日,,,
2021-02-10,辛丑年 辛卯月 己卯日,,,
2021-02-11,辛丑年 辛卯月 庚辰日,,,
2021-02-12,辛丑年 辛卯月 辛巳日,,,
2021-02-13,辛丑年 辛卯月 壬午日,,,
2021-02-14,辛丑年 辛卯月 癸未日,,,
2021-02-15,辛丑年 辛卯月 甲申日,,,
2021-02-16,辛丑年 辛卯月 乙酉日,,,
2021-02-17,辛丑年 辛卯月 丙戌日,,,
2021-02-18,辛丑年 辛卯月 丁亥日,,,
2021-02-19,辛丑年 辛卯月 戊子日,우수,,
2021-02-20,辛丑年 辛卯月 己丑日,,,
2021-02-21,辛丑年 辛卯月 庚寅日,,,
2021-02-22,辛丑年 辛卯月 辛卯日,,,
2021-02-23,辛丑年 辛卯月 壬辰日,,,
2021-02-24,辛丑年 辛卯月 癸巳日,,,
2021-02-25,辛丑年 辛卯月 甲午日,,,
2021-02-26,辛丑年 辛卯月 乙未日,,,
2021-02-27,辛丑年 辛卯月 丙申日,,,
2021-02-28,辛丑年 辛卯月 丁酉日,,,
2021-03-01,辛丑年 壬辰月 戊戌日,,,
2021-03-02,辛丑年 壬辰月 己亥日,,,
2021-03-03,辛丑年 壬辰月 庚子日,,,
2021-03-04,辛丑年 壬辰月 辛丑日,,,
2021-03-05,辛丑年 壬辰月 壬寅日,,,
2021-03-06,辛丑年 壬辰月 癸卯日,경칩,,
2021-03-07,辛丑年 壬辰月 甲辰日,,,
2021-03-08,辛丑年 壬辰月 乙巳日,,,
2021-03-09,辛丑年 壬辰月 丙午日,,,
2021-03-10,辛丑年 壬辰月 丁未日,,,
2021-03-11,辛丑年 壬辰月 戊申日,,,
2021-03-12,辛丑年 壬辰月 己酉日,,,
2021-03-13,辛丑年 壬辰月 庚戌日,,,
2021-03-14,辛丑年 壬辰月 辛亥日,,,
2021-03-15,辛丑年 壬辰月 壬子日,,,
2021-03-16,辛丑年 壬辰月 癸丑日,,,
2021-03-17,辛丑年 壬辰月 甲寅日,,,
2021-03-18,辛丑年 壬辰月 乙卯日,,,
2021-03-19,辛丑年 壬辰月 丙辰日,,,
2021-03-20,辛丑年 壬辰月 丁巳日,,,
2021-03-21,辛丑年 壬辰月 戊午日,춘분,,
2021-03-22,辛丑年 壬辰月 己未日,,,
2021-03-23,辛丑年 壬辰月 庚申日,,,
2021-03-24,辛丑年 壬辰月 辛酉日,,,
2021-03-25,辛丑年 壬辰月 壬戌日,,,
2021-03-26,辛丑年 壬辰月 癸亥日,,,
2021-03-27,辛丑年 壬辰月 甲子日,,,
2021-03-28,辛丑年 壬辰月 乙丑日,,,
2021-03-29,辛丑年 壬辰月 丙寅日,,,
2021-03-30,辛丑年 壬辰月 丁卯日,,,
2021-03-31,辛丑年 壬辰月 戊辰日,,,
2021-04-01,辛丑年 癸巳月 己巳日,,,
2021-04-02,辛丑年 癸巳月 庚午日,,,
2021-04-03,辛丑年 癸巳月 辛未日,,,
2021-04-04,辛丑年 癸巳月 壬申日,,,
2021-04-05,辛丑年 癸巳月 癸酉日,청명,,
2021-04-06,辛丑年 癸巳月 甲戌日,,,
2021-04-07,辛丑年 癸巳月 乙亥日,,,
2021-04-08,辛丑年 癸巳月 丙子日,,,
2021-04-09,辛丑年 癸巳月 丁丑日,,,
2021-04-10,辛丑年 癸巳月 戊寅日,,,
2021-04-11,辛丑年 癸巳月 己卯日,,,
2021-04-12,辛丑年 癸巳月 庚辰日,,,
2021-04-13,辛丑年 癸巳月 辛巳日,,,
2021-04-14,辛丑年 癸巳月 壬午日,,,
2021-04-15,辛丑年 癸巳月 癸未日,,,
2021-04-16,辛丑年 癸巳月 甲申日,,,
2021-04-17,辛丑年 癸巳月 乙酉日,,,
2021-04-18,辛丑年 癸巳月 丙戌日,,,
2021-04-19,辛丑年 癸巳月 丁亥日,,,
2021-04-20,辛丑年 癸巳月 戊子日,곡우,,
2021-04-21,辛丑年 癸巳月 己丑日,,,
2021-04-22,辛丑年 癸巳月 庚寅日,,,
2021-04-23,辛丑年 癸巳月 辛卯日,,,
2021-04-24,辛丑年 癸巳月 壬辰日,,,
2021-04-25,辛丑年 癸巳月 癸巳日,,,
2021-04-26,辛丑年 癸巳月 甲午日,,,
2021-04-27,辛丑年 癸巳月 乙未日,,,
2021-04-28,辛丑年 癸巳月 丙申日,,,
2021-04-29,辛丑年 癸巳月 丁酉日,,,
2021-04-30,辛丑年 癸巳月 戊戌日,,,
2021-05-01,辛丑年 甲午月 己亥日,,,
2021-05-02,辛丑年 甲午月 庚子日,,,
2021-05-03,辛丑年 甲午月 辛丑日,,,
2021-05-04,辛丑年 甲午月 壬寅日,,,
2021-05-05,辛丑年 甲午月 癸卯日,,,
2021-05-06,辛丑年 甲午月 甲辰日,입하,,
2021-05-07,辛丑年 甲午月 乙巳日,,,
2021-05-08,辛丑年 甲午月 丙午日,,,
2021-05-09,辛丑年 甲午月 丁未日,,,
2021-05-10,辛丑年 甲午月 戊申日,,,
2021-05-11,辛丑年 甲午月 己酉日,,,
2021-05-12,辛丑年 甲午月 庚戌日,,,
2021-05-13,辛丑年 甲午月 辛亥日,,,
2021-05-14,辛丑年 甲午月 壬子日,,,
2021-05-15,辛丑年 甲午月 癸丑日,,,
2021-05-16,辛丑年 甲午月 甲寅日,,,
2021-05-17,辛丑年 甲午月 乙卯日,,,
2021-05-18,辛丑年 甲午月 丙辰日,,,
2021-05-19,辛丑年 甲午月 丁巳日,,,
2021-05-20,辛丑年 甲午月 戊午日,,,
2021-05-21,辛丑年 甲午月 己未日,소만,,
2021-05-22,辛丑年 甲午月 庚申日,,,
2021-05-23,辛丑年 甲午月 辛酉日,,,
2021-05-24,辛丑年 甲午月 壬戌日,,,
2021-05-25,辛丑年 甲午月 癸亥日,,,
2021-05-26,辛丑年 甲午月 甲子日,,,
2021-05-27,辛丑年 甲午月 乙丑日,,,
2021-05-28,辛丑年 甲午月 丙寅日,,,
2021-05-29,辛丑年 甲午月 丁卯日,,,
2021-05-30,辛丑年 甲午月 戊辰日,,,
2021-05-31,辛丑年 甲午月 己巳日,,,
2021-06-01,辛丑年 乙未月 庚午日,,,
2021-06-02,辛丑年 乙未月 辛未日,,,
2021-06-03,辛丑年 乙未月 壬申日,,,
2021-06-04,辛丑年 乙未月 癸酉日,,,
2021-06-05,辛丑年 乙未月 甲戌日,,,
2021-06-06,辛丑年 乙未月 乙亥日,망종,,
2021-06-07,辛丑年 乙未月 丙子日,,,
2021-06-08,辛丑年 乙未月 丁丑日,,,
2021-06-09,辛丑年 乙未月 戊寅日,,,
2021-06-10,辛丑年 乙未月 己卯日,,,
2021-06-11,辛丑年 乙未月 庚辰日,,,
2021-06-12,辛丑年 乙未月 辛巳日,,,
2021-06-13,辛丑年 乙未月 壬午日,,,
2021-06-14,辛丑年 乙未月 癸未日,,,
2021-06-15,辛丑年 乙未月 甲申日,,,
2021-06-16,辛丑年 乙未月 乙酉日,,,
2021-06-17,辛丑年 乙未月 丙戌日,,,
2021-06-18,辛丑年 乙未月 丁亥日,,,
2021-06-19,辛丑年 乙未月 戊子日,,,
2021-06-20,辛丑年 乙未月 己丑日,,,
2021-06-21,辛丑年 乙未月 庚寅日,하지,,
2021-06-22,辛丑年 乙未月 辛卯日,,,
2021-06-23,辛丑年 乙未月 壬辰日,,,
2021-06-24,辛丑年 乙未月 癸巳日,,,
2021-06-25,辛丑年 乙未月 甲午日,,,
2021-06-26,辛丑年 乙未月 乙未日,,,
2021-06-27,辛丑年 乙未月 丙申日,,,
2021-06-28,辛丑年 乙未月 丁酉日,,,
2021-06-29,辛丑年 乙未月 戊戌日,,,
2021-06-30,辛丑年 乙未月 己亥日,,,
2021-07-01,辛丑年 丙申月 庚子日,,,
2021-07-02,辛丑年 丙申月 辛丑日,,,
2021-07-03,辛丑年 丙申月 壬寅日,,,
2021-07-04,辛丑年 丙申月 癸卯日,,,
2021-07-05,辛丑年 丙申月 甲辰日,,,
2021-07-06,辛丑年 丙申月 乙巳日,,,
2021-07-07,辛丑年 丙申月 丙午日,소서,,
2021-07-08,辛丑年 丙申月 丁未日,,,
2021-07-09,辛丑年 丙申月 戊申日,,,
2021-07-10,辛丑年 丙申月 己酉日,,,
2021-07-11,辛丑年 丙申月 庚戌日,,,
2021-07-12,辛丑年 丙申月 辛亥日,,,
2021-07-13,辛丑年 丙申月 壬子日,,,
2021-07-14,辛丑年 丙申月 癸丑日,,,
2021-07-15,辛丑年 丙申月 甲寅日,,,
2021-07-16,辛丑年 丙申月 乙卯日,,,
2021-07-17,辛丑年 丙申月 丙辰日,,,
2021-07-18,辛丑年 丙申月 丁巳日,,,
2021-07-19,辛丑年 丙申月 戊午日,,,
2021-07-20,辛丑年 丙申月 己未日,,,
2021-07-21,辛丑年 丙申月 庚申日,,,
2021-07-22,辛丑年 丙申月 辛酉日,,,
2021-07-23,辛丑年 丙申月 壬戌日,대서,,
2021-07-24,辛丑年 丙申月 癸亥日,,,
2021-07-25,辛丑年 丙申月 甲子日,,,
2021-07-26,辛丑年 丙申月 乙丑日,,,
2021-07-27,辛丑年 丙申月 丙寅日,,,
2021-07-28,辛丑年 丙申月 丁卯日,,,
2021-07-29,辛丑年 丙申月 戊辰日,,,
2021-07-30,辛丑年 丙申月 己巳日,,,
2021-07-31,辛丑年 丙申月 庚午日,,,
2021-08-01,辛丑年 丁酉月 辛未日,,,
2021-08-02,辛丑年 丁酉月 壬申日,,,
2021-08-03,辛丑年 丁酉月 癸酉日,,,
2021-08-04,辛丑年 丁酉月 甲戌日,,,
2021-08-05,辛丑年 丁酉月 乙亥日,,,
2021-08-06,辛丑年 丁酉月 丙子日,,,
2021-08-07,辛丑年 丁酉月 丁丑日,,,
2021-08-08,辛丑年 丁酉月 戊寅日,입추,,
2021-08-09,辛丑年 丁酉月 己卯日,,,
2021-08-10,辛丑年 丁酉月 庚辰日,,,
2021-08-11,辛丑年 丁酉月 辛巳日,,,
2021-08-12,辛丑年 丁酉月 壬午日,,,
2021-08-13,辛丑年 丁酉月 癸未日,,,
2021-08-14,辛丑年 丁酉月 甲申日,,,
2021-08-15,辛丑年 丁酉月 乙酉日,,,
2021-08-16,辛丑年 丁酉月 丙戌日,,,
2021-08-17,辛丑年 丁酉月 丁亥日,,,
2021-08-18,辛丑年 丁酉月 戊子日,,,
2021-08-19,辛丑年 丁酉月 己丑日,,,
2021-08-20,辛丑年 丁酉月 庚寅日,,,
2021-08-21,辛丑年 丁酉月 辛卯日,,,
2021-08-22,辛丑年 丁酉月 壬辰日,,,
2021-08-23,辛丑年 丁酉月 癸巳日,처서,,
2021-08-24,辛丑年 丁酉月 甲午日,,,
2021-08-25,辛丑年 丁酉月 乙未日,,,
2021-08-26,辛丑年 丁酉月 丙申日,,,
2021-08-27,辛丑年 丁酉月 丁酉日,,,
2021-08-28,辛丑年 丁酉月 戊戌日,,,
2021-08-29,辛丑年 丁酉月 己亥日,,,
2021-08-30,辛丑年 丁酉月 庚子日,,,
2021-08-31,辛丑年 丁酉月 辛丑日,,,
2021-09-01,辛丑年 戊戌月 壬寅日,,,
2021-09-02,辛丑年 戊戌月 癸卯日,,,
2021-09-03,辛丑年 戊戌月 甲辰日,,,
2021-09-04,辛丑年 戊戌月 乙巳日,,,
2021-09-05,辛丑年 戊戌月 丙午日,,,
2021-09-06,辛丑年 戊戌月 丁未日,,,
2021-09-07,辛丑年 戊戌月 戊申日,,,
2021-09-08,辛丑年 戊戌月 己酉日,백로,,
2021-09-09,辛丑年 戊戌月 庚戌日,,,
2021-09-10,辛丑年 戊戌月 辛亥日,,,
2021-09-11,辛丑年 戊戌月 壬子日,,,
2021-09-12,辛丑年 戊戌月 癸丑日,,,
2021-09-13,辛丑年 戊戌月 甲寅日,,,
2021-09-14,辛丑年 戊戌月 乙卯日,,,
2021-09-15,辛丑年 戊戌月 丙辰日,,,
2021-09-16,辛丑年 戊戌月 丁巳日,,,
2021-09-17,辛丑年 戊戌月 戊午日,,,
2021-09-18,辛丑年 戊戌月 己未日,,,
2021-09-19,辛丑年 戊戌月 庚申日,,,
2021-09-20,辛丑年 戊戌月 辛酉日,,,
2021-09-21,辛丑年 戊戌月 壬戌日,,,
2021-09-22,辛丑年 戊戌月 癸亥日,,,
2021-09-23,辛丑年 戊戌月 甲子日,추분,,
2021-09-24,辛丑年 戊戌月 乙丑日,,,
2021-09-25,辛丑年 戊戌月 丙寅日,,,
2021-09-26,辛丑年 戊戌月 丁卯日,,,
2021-09-27,辛丑年 戊戌月 戊辰日,,,
2021-09-28,辛丑年 戊戌月 己巳日,,,
2021-09-29,辛丑年 戊戌月 庚午日,,,
2021-09-30,辛丑年 戊戌月 辛未日,,,
2021-10-01,辛丑年 己亥月 壬申日,,,
2021-10-02,辛丑年 己亥月 癸酉日,,,
2021-10-03,辛丑年 己亥月 甲戌日,,,
2021-10-04,辛丑年 己亥月 乙亥日,,,
2021-10-05,辛丑年 己亥月 丙子日,,,
2021-10-06,辛丑年 己亥月 丁丑日,,,
2021-10-07,辛丑年 己亥月 戊寅日,,,
2021-10-08,辛丑年 己亥月 己卯日,한로,,
2021-10-09,辛丑年 己亥月 庚辰日,,,
2021-10-10,辛丑年 己亥月 辛巳日,,,
2021-10-11,辛丑年 己亥月 壬午日,,,
2021-10-12,辛丑年 己亥月 癸未日,,,
2021-10-13,辛丑年 己亥月 甲申日,,,
2021-10-14,辛丑年 己亥月 乙酉日,,,
2021-10-15,辛丑年 己亥月 丙戌日,,,
2021-10-16,辛丑年 己亥月 丁亥日,,,
2021-10-17,辛丑年 己亥月 戊子日,,,
2021-10-18,辛丑年 己亥月 己丑日,,,
2021-10-19,辛丑年 己亥月 庚寅日,,,
2021-10-20,辛丑年 己亥月 辛卯日,,,
2021-10-21,辛丑年 己亥月 壬辰日,,,
2021-10-22,辛丑年 己亥月 癸巳日,,,
2021-10-23,辛丑年 己亥月 甲午日,,,
2021-10-24,辛丑年 己亥月 乙未日,상강,,
2021-10-25,辛丑年 己亥月 丙申日,,,
2021-10-26,辛丑年 己亥月 丁酉日,,,
2021-10-27,辛丑年 己亥月 戊戌日,,,
2021-10-28,辛丑年 己亥月 己亥日,,,
2021-10-29,辛丑年 己亥月 庚子日,,,
2021-10-30,辛丑年 己亥月 辛丑日,,,
2021-10-31,辛丑年 己亥月 壬寅日,,,
2021-11-01,辛丑年 庚子月 癸卯日,,,
2021-11-02,辛丑年 庚子月 甲辰日,,,
2021-11-03,辛丑年 庚子月 乙巳日,,,
2021-11-04,辛丑年 庚子月 丙午日,,,
2021-11-05,辛丑年 庚子月 丁未日,,,
2021-11-06,辛丑年 庚子月 戊申日,,,
2021-11-07,辛丑年 庚子月 己酉日,,,
2021-11-08,辛丑年 庚子月 庚戌日,입동,,
2021-11-09,辛丑年 庚子月 辛亥日,,,
2021-11-10,辛丑年 庚子月 壬子日,,,
2021-11-11,辛丑年 庚子月 癸丑日,,,
2021-11-12,辛丑年 庚子月 甲寅日,,,
2021-11-13,辛丑年 庚子月 乙卯日,,,
2021-11-14,辛丑年 庚子月 丙辰日,,,
2021-11-15,辛丑年 庚子月 丁巳日,,,
2021-11-16,辛丑年 庚子月 戊午日,,,
2021-11-17,辛丑年 庚子月 己未日,,,
2021-11-18,辛丑年 庚子月 庚申日,,,
2021-11-19,辛丑年 庚子月 辛酉日,,,
2021-11-20,辛丑年 庚子月 壬戌日,,,
2021-11-21,辛丑年 庚子月 癸亥日,,,
2021-11-22,辛丑年 庚子月 甲子日,소설,,
2021-11-23,辛丑年 庚子月 乙丑日,,,
2021-11-24,辛丑年 庚子月 丙寅日,,,
2021-11-25,辛丑年 庚子月 丁卯日,,,
2021-11-26,辛丑年 庚子月 戊辰日,,,
2021-11-27,辛丑年 庚子月 己巳日,,,
2021-11-28,辛丑年 庚子月 庚午日,,,
2021-11-29,辛丑年 庚子月 辛未日,,,
2021-11-30,辛丑年 庚子月 壬申日,,,
2021-12-01,辛丑年 辛丑月 癸酉日,,,
2021-12-02,辛丑年 辛丑月 甲戌日,,,
2021-12-03,辛丑年 辛丑月 乙亥日,,,
2021-12-04,辛丑年 辛丑月 丙子日,,,
2021-12-05,辛丑年 辛丑月 丁丑日,,,
2021-12-06,辛丑年 辛丑月 戊寅日,,,
2021-12-07,辛丑年 辛丑月 己卯日,대설,,
2021-12-08,辛丑年 辛丑月 庚辰日,,,
2021-12-09,辛丑年 辛丑月 辛巳日,,,
2021-12-10,辛丑年 辛丑月 壬午日,,,
2021-12-11,辛丑年 辛丑月 癸未日,,,
2021-12-12,辛丑年 辛丑月 甲申日,,,
2021-12-13,辛丑年 辛丑月 乙酉日,,,
2021-12-14,辛丑年 辛丑月 丙戌日,,,
2021-12-15,辛丑年 辛丑月 丁亥日,,,
2021-12-16,辛丑年 辛丑月 戊子日,,,
2021-12-17,辛丑年 辛丑月 己丑日,,,
2021-12-18,辛丑年 辛丑月 庚寅日,,,
2021-12-19,辛丑年 辛丑月 辛卯日,,,
2021-12-20,辛丑年 辛丑月 壬辰日,,,
2021-12-21,辛丑年 辛丑月 癸巳日,,,
2021-12-22,辛丑年 辛丑月 甲午日,동지,,
2021-12-23,辛丑年 辛丑月 乙未日,,,
2021-12-24,辛丑年 辛丑月 丙申日,,,
2021-12-25,辛丑年 辛丑月 丁酉日,,,
2021-12-26,辛丑年 辛丑月 戊戌日,,,
2021-12-27,辛丑年 辛丑月 己亥日,,,
2021-12-28,辛丑年 辛丑月 庚子日,,,
2021-12-29,辛丑年 辛丑月 辛丑日,,,
2021-12-30,辛丑年 辛丑月 壬寅日,,,
2021-12-31,辛丑年 辛丑月 癸卯日,,,
2022-01-01,辛丑年 庚寅月 甲辰日,,,
2022-01-02,辛丑年 庚寅月 乙巳日,,,
2022-01-03,辛丑年 庚寅月 丙午日,,,
2022-01-04,辛丑年 庚寅月 丁未日,,,
2022-01-05,辛丑年 庚寅月 戊申日,,,
2022-01-06,辛丑年 庚寅月 己酉日,소한,,
2022-01-07,辛丑年 庚寅月 庚戌日,,,
2022-01-08,辛丑年 庚寅月 辛亥日,,,
2022-01-09,辛丑年 庚寅月 壬子日,,,
2022-01-10,辛丑年 庚寅月 癸丑日,,,
2022-01-11,辛丑年 庚寅月 甲寅日,,,
2022-01-12,辛丑年 庚寅月 乙卯日,,,
2022-01-13,辛丑年 庚寅月 丙辰日,,,
2022-01-14,辛丑年 庚寅月 丁巳日,,,
2022-01-15,辛丑年 庚寅月 戊午日,,,
2022-01-16,辛丑年 庚寅月 己未日,,,
2022-01-17,辛丑年 庚寅月 庚申日,,,
2022-01-18,辛丑年 庚寅月 辛酉日,,,
2022-01-19,辛丑年 庚寅月 壬戌日,,,
2022-01-20,辛丑年 庚寅月 癸亥日,대한,,
2022-01-21,辛丑年 庚寅月 甲子日,,,
2022-01-22,辛丑年 庚寅月 乙丑日,,,
2022-01-23,辛丑年 庚寅月 丙寅日,,,
2022-01-24,辛丑年 庚寅月 丁卯日,,,
2022-01-25,辛丑年 庚寅月 戊辰日,,,
2022-01-26,辛丑年 庚寅月 己巳日,,,
2022-01-27,辛丑年 庚寅月 庚午日,,,
2022-01-28,辛丑年 庚寅月 辛未日,,,
2022-01-29,辛丑年 庚寅月 壬申日,,,
2022-01-30,辛丑年 庚寅月 癸酉日,,,
2022-01-31,辛丑年 庚寅月 甲戌日,,,
2022-02-01,辛丑年 辛卯月 乙亥日,,,
2022-02-02,辛丑年 辛卯月 丙子日,,,
2022-02-03,辛丑年 辛卯月 丁丑日,,,
2022-02-04,壬寅年 癸卯月 戊寅日,입춘,,
2022-02-05,壬寅年 癸卯月 己卯日,,,
2022-02-06,壬寅年 癸卯月 庚辰日,,,
2022-02-07,壬寅年 癸卯月 辛巳日,,,
2022-02-08,壬寅年 癸卯月 壬午日,,,
2022-02-09,壬寅年 癸卯月 癸未日,,,
2022-02-10,壬寅年 癸卯月 甲申日,,,
2022-02-11,壬寅年 癸卯月 乙酉日,,,
2022-02-12,壬寅年 癸卯月 丙戌日,,,
2022-02-13,壬寅年 癸卯月 丁亥日,,,
2022-02-14,壬寅年 癸卯月 戊子日,,,
2022-02-15,壬寅年 癸卯月 己丑日,,,
2022-02-16,壬寅年 癸卯月 庚寅日,,,
2022-02-17,壬寅年 癸卯月 辛卯日,,,
2022-02-18,壬寅年 癸卯月 壬辰日,,,
2022-02-19,壬寅年 癸卯月 癸巳日,우수,,
2022-02-20,壬寅年 癸卯月 甲午日,,,
2022-02-21,壬寅年 癸卯月 乙未日,,,
2022-02-22,壬寅年 癸卯月 丙申日,,,
2022-02-23,壬寅年 癸卯月 丁酉日,,,
2022-02-24,壬寅年 癸卯月 戊戌日,,,
2022-02-25,壬寅年 癸卯月 己亥日,,,
2022-02-26,壬寅年 癸卯月 庚子日,,,
2022-02-27,壬寅年 癸卯月 辛丑日,,,
2022-02-28,壬寅年 癸卯月 壬寅日,,,
2022-03-01,壬寅年 甲辰月 癸卯日,,,
2022-03-02,壬寅年 甲辰月 甲辰日,,,
2022-03-03,壬寅年 甲辰月 乙巳日,,,
2022-03-04,壬寅年 甲辰月 丙午日,,,
2022-03-05,壬寅年 甲辰月 丁未日,,,
2022-03-06,壬寅年 甲辰月 戊申日,경칩,,
2022-03-07,壬寅年 甲辰月 己酉日,,,
2022-03-08,壬寅年 甲辰月 庚戌日,,,
2022-03-09,壬寅年 甲辰月 辛亥日,,,
2022-03-10,壬寅年 甲辰月 壬子日,,,
2022-03-11,壬寅年 甲辰月 癸丑日,,,
2022-03-12,壬寅年 甲辰月 甲寅日,,,
2022-03-13,壬寅年 甲辰月 乙卯日,,,
2022-03-14,壬寅年 甲辰月 丙辰日,,,
2022-03-15,壬寅年 甲辰月 丁巳日,,,
2022-03-16,壬寅年 甲辰月 戊午日,,,
2022-03-17,壬寅年 甲辰月 己未日,,,
2022-03-18,壬寅年 甲辰月 庚申日,,,
2022-03-19,壬寅年 甲辰月 辛酉日,,,
2022-03-20,壬寅年 甲辰月 壬戌日,,,
2022-03-21,壬寅年 甲辰月 癸亥日,춘분,,
2022-03-22,壬寅年 甲辰月 甲子日,,,
2022-03-23,壬寅年 甲辰月 乙丑日,,,
2022-03-24,壬寅年 甲辰月 丙寅日,,,
2022-03-25,壬寅年 甲辰月 丁卯日,,,
2022-03-26,壬寅年 甲辰月 戊辰日,,,
2022-03-27,壬寅年 甲辰月 己巳日,,,
2022-03-28,壬寅年 甲辰月 庚午日,,,
2022-03-29,壬寅年 甲辰月 辛未日,,,
2022-03-30,壬寅年 甲辰月 壬申日,,,
2022-03-31,壬寅年 甲辰月 癸酉日,,,
2022-04-01,壬寅年 乙巳月 甲戌日,,,
2022-04-02,壬寅年 乙巳月 乙亥日,,,
2022-04-03,壬寅年 乙巳月 丙子日,,,
2022-04-04,壬寅年 乙巳月 丁丑日,,,
2022-04-05,壬寅年 乙巳月 戊寅日,청명,,
2022-04-06,壬寅年 乙巳月 己卯日,,,
2022-04-07,壬寅年 乙巳月 庚辰日,,,
2022-04-08,壬寅年 乙巳月 辛巳日,,,
2022-04-09,壬寅年 乙巳月 壬午日,,,
2022-04-10,壬寅年 乙巳月 癸未日,,,
2022-04-11,壬寅年 乙巳月 甲申日,,,
2022-04-12,壬寅年 乙巳月 乙酉日,,,
2022-04-13,壬寅年 乙巳月 丙戌日,,,
2022-04-14,壬寅年 乙巳月 丁亥日,,,
2022-04-15,壬寅年 乙巳月 戊子日,,,
2022-04-16,壬寅年 乙巳月 己丑日,,,
2022-04-17,壬寅年 乙巳月 庚寅日,,,
2022-04-18,壬寅年 乙巳月 辛卯日,,,
2022-04-19,壬寅年 乙巳月 壬辰日,,,
2022-04-20,壬寅年 乙巳月 癸巳日,곡우,,
2022-04-21,壬寅年 乙巳月 甲午日,,,
2022-04-22,壬寅年 乙巳月 乙未日,,,
2022-04-23,壬寅年 乙巳月 丙申日,,,
2022-04-24,壬寅年 乙巳月 丁酉日,,,
2022-04-25,壬寅年 乙巳月 戊戌日,,,
2022-04-26,壬寅年 乙巳月 己亥日,,,
2022-04-27,壬寅年 乙巳月 庚子日,,,
2022-04-28,壬寅年 乙巳月 辛丑日,,,
2022-04-29,壬寅年 乙巳月 壬寅日,,,
2022-04-30,壬寅年 乙巳月 癸卯日,,,
2022-05-01,壬寅年 丙午月 甲辰日,,,
2022-05-02,壬寅年 丙午月 乙巳日,,,
2022-05-03,壬寅年 丙午月 丙午日,,,
2022-05-04,壬寅年 丙午月 丁未日,,,
2022-05-05,壬寅年 丙午月 戊申日,,,
2022-05-06,壬寅年 丙午月 己酉日,입하,,
2022-05-07,壬寅年 丙午月 庚戌日,,,
2022-05-08,壬寅年 丙午月 辛亥日,,,
2022-05-09,壬寅年 丙午月 壬子日,,,
2022-05-10,壬寅年 丙午月 癸丑日,,,
2022-05-11,壬寅年 丙午月 甲寅日,,,
2022-05-12,壬寅年 丙午月 乙卯日,,,
2022-05-13,壬寅年 丙午月 丙辰日,,,
2022-05-14,壬寅年 丙午月 丁巳日,,,
2022-05-15,壬寅年 丙午月 戊午日,,,
2022-05-16,壬寅年 丙午月 己未日,,,
2022-05-17,壬寅年 丙午月 庚申日,,,
2022-05-18,壬寅年 丙午月 辛酉日,,,
2022-05-19,壬寅年 丙午月 壬戌日,,,
2022-05-20,壬寅年 丙午月 癸亥日,,,
2022-05-21,壬寅年 丙午月 甲子日,소만,,
2022-05-22,壬寅年 丙午月 乙丑日,,,
2022-05-23,壬寅年 丙午月 丙寅日,,,
2022-05-24,壬寅年 丙午月 丁卯日,,,
2022-05-25,壬寅年 丙午月 戊辰日,,,
2022-05-26,壬寅年 丙午月 己巳日,,,
2022-05-27,壬寅年 丙午月 庚午日,,,
2022-05-28,壬寅年 丙午月 辛未日,,,
2022-05-29,壬寅年 丙午月 壬申日,,,
2022-05-30,壬寅年 丙午月 癸酉日,,,
2022-05-31,壬寅年 丙午月 甲戌日,,,
2022-06-01,壬寅年 丁未月 乙亥日,,,
2022-06-02,壬寅年 丁未月 丙子日,,,
2022-06-03,壬寅年 丁未月 丁丑日,,,
2022-06-04,壬寅年 丁未月 戊寅日,,,
2022-06-05,壬寅年 丁未月 己卯日,,,
2022-06-06,壬寅年 丁未月 庚辰日,망종,,
2022-06-07,壬寅年 丁未月 辛巳日,,,
2022-06-08,壬寅年 丁未月 壬午日,,,
2022-06-09,壬寅年 丁未月 癸未日,,,
2022-06-10,壬寅年 丁未月 甲申日,,,
2022-06-11,壬寅年 丁未月 乙酉日,,,
2022-06-12,壬寅年 丁未月 丙戌日,,,
2022-06-13,壬寅年 丁未月 丁亥日,,,
2022-06-14,壬寅年 丁未月 戊子日,,,
2022-06-15,壬寅年 丁未月 己丑日,,,
2022-06-16,壬寅年 丁未月 庚寅日,,,
2022-06-17,壬寅年 丁未月 辛卯日,,,
2022-06-18,壬寅年 丁未月 壬辰日,,,
2022-06-19,壬寅年 丁未月 癸巳日,,,
2022-06-20,壬寅年 丁未月 甲午日,,,
2022-06-21,壬寅年 丁未月 乙未日,하지,,
2022-06-22,壬寅年 丁未月 丙申日,,,
2022-06-23,壬寅年 丁未月 丁酉日,,,
2022-06-24,壬寅年 丁未月 戊戌日,,,
2022-06-25,壬寅年 丁未月 己亥日,,,
2022-06-26,壬寅年 丁未月 庚子日,,,
2022-06-27,壬寅年 丁未月 辛丑日,,,
2022-06-28,壬寅年 丁未月 壬寅日,,,
2022-06-29,壬寅年 丁未月 癸卯日,,,
2022-06-30,壬寅年 丁未月 甲辰日,,,
2022-07-01,壬寅年 戊申月 乙巳日,,,
2022-07-02,壬寅年 戊申月 丙午日,,,
2022-07-03,壬寅年 戊申月 丁未日,,,
2022-07-04,壬寅年 戊申月 戊申日,,,
2022-07-05,壬寅年 戊申月 己酉日,,,
2022-07-06,壬寅年 戊申月 庚戌日,,,
2022-07-07,壬寅年 戊申月 辛亥日,소서,,
2022-07-08,壬寅年 戊申月 壬子日,,,
2022-07-09,壬寅年 戊申月 癸丑日,,,
2022-07-10,壬寅年 戊申月 甲寅日,,,
2022-07-11,壬寅年 戊申月 乙卯日,,,
2022-07-12,壬寅年 戊申月 丙辰日,,,
2022-07-13,壬寅年 戊申月 丁巳日,,,
2022-07-14,壬寅年 戊申月 戊午日,,,
2022-07-15,壬寅年 戊申月 己未日,,,
2022-07-16,壬寅年 戊申月 庚申日,,,
2022-07-17,壬寅年 戊申月 辛酉日,,,
2022-07-18,壬寅年 戊申月 壬戌日,,,
2022-07-19,壬寅年 戊申月 癸亥日,,,
2022-07-20,壬寅年 戊申月 甲子日,,,
2022-07-21,壬寅年 戊申月 乙丑日,,,
2022-07-22,壬寅年 戊申月 丙寅日,,,
2022-07-23,壬寅年 戊申月 丁卯日,대서,,
2022-07-24,壬寅年 戊申月 戊辰日,,,
2022-07-25,壬寅年 戊申月 己巳日,,,
2022-07-26,壬寅年 戊申月 庚午日,,,
2022-07-27,壬寅年 戊申月 辛未日,,,
2022-07-28,壬寅年 戊申月 壬申日,,,
2022-07-29,壬寅年 戊申月 癸酉日,,,
2022-07-30,壬寅年 戊申月 甲戌日,,,
2022-07-31,壬寅年 戊申月 乙亥日,,,
2022-08-01,壬寅年 己酉月 丙子日,,,
2022-08-02,壬寅年 己酉月 丁丑日,,,
2022-08-03,壬寅年 己酉月 戊寅日,,,
2022-08-04,壬寅年 己酉月 己卯日,,,
2022-08-05,壬寅年 己酉月 庚辰日,,,
2022-08-06,壬寅年 己酉月 辛巳日,,,
2022-08-07,壬寅年 己酉月 壬午日,,,
2022-08-08,壬寅年 己酉月 癸未日,입추,,
2022-08-09,壬寅年 己酉月 甲申日,,,
2022-08-10,壬寅年 己酉月 乙酉日,,,
2022-08-11,壬寅年 己酉月 丙戌日,,,
2022-08-12,壬寅年 己酉月 丁亥日,,,
2022-08-13,壬寅年 己酉月 戊子日,,,
2022-08-14,壬寅年 己酉月 己丑日,,,
2022-08-15,壬寅年 己酉月 庚寅日,,,
2022-08-16,壬寅年 己酉月 辛卯日,,,
2022-08-17,壬寅年 己酉月 壬辰日,,,
2022-08-18,壬寅年 己酉月 癸巳日,,,
2022-08-19,壬寅年 己酉月 甲午日,,,
2022-08-20,壬寅年 己酉月 乙未日,,,
2022-08-21,壬寅年 己酉月 丙申日,,,
2022-08-22,壬寅年 己酉月 丁酉日,,,
2022-08-23,壬寅年 己酉月 戊戌日,처서,,
2022-08-24,壬寅年 己酉月 己亥日,,,
2022-08-25,壬寅年 己酉月 庚子日,,,
2022-08-26,壬寅年 己酉月 辛丑日,,,
2022-08-27,壬寅年 己酉月 壬寅日,,,
2022-08-28,壬寅年 己酉月 癸卯日,,,
2022-08-29,壬寅年 己酉月 甲辰日,,,
2022-08-30,壬寅年 己酉月 乙巳日,,,
2022-08-31,壬寅年 己酉月 丙午日,,,
2022-09-01,壬寅年 庚戌月 丁未日,,,
2022-09-02,壬寅年 庚戌月 戊申日,,,
2022-09-03,壬寅年 庚戌月 己酉日,,,
2022-09-04,壬寅年 庚戌月 庚戌日,,,
2022-09-05,壬寅年 庚戌月 辛亥日,,,
2022-09-06,壬寅年 庚戌月 壬子日,,,
2022-09-07,壬寅年 庚戌月 癸丑日,,,
2022-09-08,壬寅年 庚戌月 甲寅日,백로,,
2022-09-09,壬寅年 庚戌月 乙卯日,,,
2022-09-10,壬寅年 庚戌月 丙辰日,,,
2022-09-11,壬寅年 庚戌月 丁巳日,,,
2022-09-12,壬寅年 庚戌月 戊午日,,,
2022-09-13,壬寅年 庚戌月 己未日,,,
2022-09-14,壬寅年 庚戌月 庚申日,,,
2022-09-15,壬寅年 庚戌月 辛酉日,,,
2022-09-16,壬寅年 庚戌月 壬戌日,,,
2022-09-17,壬寅年 庚戌月 癸亥日,,,
2022-09-18,壬寅年 庚戌月 甲子日,,,
2022-09-19,壬寅年 庚戌月 乙丑日,,,
2022-09-20,壬寅年 庚戌月 丙寅日,,,
2022-09-21,壬寅年 庚戌月 丁卯日,,,
2022-09-22,壬寅年 庚戌月 戊辰日,,,
2022-09-23,壬寅年 庚戌月 己巳日,추분,,
2022-09-24,壬寅年 庚戌月 庚午日,,,
2022-09-25,壬寅年 庚戌月 辛未日,,,
2022-09-26,壬寅年 庚戌月 壬申日,,,
2022-09-27,壬寅年 庚戌月 癸酉日,,,
2022-09-28,壬寅年 庚戌月 甲戌日,,,
2022-09-29,壬寅年 庚戌月 乙亥日,,,
2022-09-30,壬寅年 庚戌月 丙子日,,,
2022-10-01,壬寅年 辛亥月 丁丑日,,,
2022-10-02,壬寅年 辛亥月 戊寅日,,,
2022-10-03,壬寅年 辛亥月 己卯日,,,
2022-10-04,壬寅年 辛亥月 庚辰日,,,
2022-10-05,壬寅年 辛亥月 辛巳日,,,
2022-10-06,壬寅年 辛亥月 壬午日,,,
2022-10-07,壬寅年 辛亥月 癸未日,,,
2022-10-08,壬寅年 辛亥月 甲申日,한로,,
2022-10-09,壬寅年 辛亥月 乙酉日,,,
2022-10-10,壬寅年 辛亥月 丙戌日,,,
2022-10-11,壬寅年 辛亥月 丁亥日,,,
2022-10-12,壬寅年 辛亥月 戊子日,,,
2022-10-13,壬寅年 辛亥月 己丑日,,,
2022-10-14,壬寅年 辛亥月 庚寅日,,,
2022-10-15,壬寅年 辛亥月 辛卯日,,,
2022-10-16,壬寅年 辛亥月 壬辰日,,,
2022-10-17,壬寅年 辛亥月 癸巳日,,,
2022-10-18,壬寅年 辛亥月 甲午日,,,
2022-10-19,壬寅年 辛亥月 乙未日,,,
2022-10-20,壬寅年 辛亥月 丙申日,,,
2022-10-21,壬寅年 辛亥月 丁酉日,,,
2022-10-22,壬寅年 辛亥月 戊戌日,,,
2022-10-23,壬寅年 辛亥月 己亥日,,,
2022-10-24,壬寅年 辛亥月 庚子日,상강,,
2022-10-25,壬寅年 辛亥月 辛丑日,,,
2022-10-26,壬寅年 辛亥月 壬寅日,,,
2022-10-27,壬寅年 辛亥月 癸卯日,,,
2022-10-28,壬寅年 辛亥月 甲辰日,,,
2022-10-29,壬寅年 辛亥月 乙巳日,,,
2022-10-30,壬寅年 辛亥月 丙午日,,,
2022-10-31,壬寅年 辛亥月 丁未日,,,
2022-11-01,壬寅年 壬子月 戊申日,,,
2022-11-02,壬寅年 壬子月 己酉日,,,
2022-11-03,壬寅年 壬子月 庚戌日,,,
2022-11-04,壬寅年 壬子月 辛亥日,,,
2022-11-05,壬寅年 壬子月 壬子日,,,
2022-11-06,壬寅年 壬子月 癸丑日,,,
2022-11-07,壬寅年 壬子月 甲寅日,,,
2022-11-08,壬寅年 壬子月 乙卯日,입동,,
2022-11-09,壬寅年 壬子月 丙辰日,,,
2022-11-10,壬寅年 壬子月 丁巳日,,,
2022-11-11,壬寅年 壬子月 戊午日,,,
2022-11-12,壬寅年 壬子月 己未日,,,
2022-11-13,壬寅年 壬子月 庚申日,,,
2022-11-14,壬寅年 壬子月 辛酉日,,,
2022-11-15,壬寅年 壬子月 壬戌日,,,
2022-11-16,壬寅年 壬子月 癸亥日,,,
2022-11-17,壬寅年 壬子月 甲子日,,,
2022-11-18,壬寅年 壬子月 乙丑日,,,
2022-11-19,壬寅年 壬子月 丙寅日,,,
2022-11-20,壬寅年 壬子月 丁卯日,,,
2022-11-21,壬寅年 壬子月 戊辰日,,,
2022-11-22,壬寅年 壬子月 己巳日,소설,,
2022-11-23,壬寅年 壬子月 庚午日,,,
2022-11-24,壬寅年 壬子月 辛未日,,,
2022-11-25,壬寅年 壬子月 壬申日,,,
2022-11-26,壬寅年 壬子月 癸酉日,,,
2022-11-27,壬寅年 壬子月 甲戌日,,,
2022-11-28,壬寅年 壬子月 乙亥日,,,
2022-11-29,壬寅年 壬子月 丙子日,,,
2022-11-30,壬寅年 壬子月 丁丑日,,,
2022-12-01,壬寅年 癸丑月 戊寅日,,,
2022-12-02,壬寅年 癸丑月 己卯日,,,
2022-12-03,壬寅年 癸丑月 庚辰日,,,
2022-12-04,壬寅年 癸丑月 辛巳日,,,
2022-12-05,壬寅年 癸丑月 壬午日,,,
2022-12-06,壬寅年 癸丑月 癸未日,,,
2022-12-07,壬寅年 癸丑月 甲申日,대설,,
2022-12-08,壬寅年 癸丑月 乙酉日,,,
2022-12-09,壬寅年 癸丑月 丙戌日,,,
2022-12-10,壬寅年 癸丑月 丁亥日,,,
2022-12-11,壬寅年 癸丑月 戊子日,,,
2022-12-12,壬寅年 癸丑月 己丑日,,,
2022-12-13,壬寅年 癸丑月 庚寅日,,,
2022-12-14,壬寅年 癸丑月 辛卯日,,,
2022-12-15,壬寅年 癸丑月 壬辰日,,,
2022-12-16,壬寅年 癸丑月 癸巳日,,,
2022-12-17,壬寅年 癸丑月 甲午日,,,
2022-12-18,壬寅年 癸丑月 乙未日,,,
2022-12-19,壬寅年 癸丑月 丙申日,,,
2022-12-20,壬寅年 癸丑月 丁酉日,,,
2022-12-21,壬寅年 癸丑月 戊戌日,,,
2022-12-22,壬寅年 癸丑月 己亥日,동지,,
2022-12-23,壬寅年 癸丑月 庚子日,,,
2022-12-24,壬寅年 癸丑月 辛丑日,,,
2022-12-25,壬寅年 癸丑月 壬寅日,,,
2022-12-26,壬寅年 癸丑月 癸卯日,,,
2022-12-27,壬寅年 癸丑月 甲辰日,,,
2022-12-28,壬寅年 癸丑月 乙巳日,,,
2022-12-29,壬寅年 癸丑月 丙午日,,,
2022-12-30,壬寅年 癸丑月 丁未日,,,
2022-12-31,壬寅年 癸丑月 戊申日,,,
2023-01-01,壬寅年 壬寅月 己酉日,,,
2023-01-02,壬寅年 壬寅月 庚戌日,,,
2023-01-03,壬寅年 壬寅月 辛亥日,,,
2023-01-04,壬寅年 壬寅月 壬子日,,,
2023-01-05,壬寅年 壬寅月 癸丑日,,,
2023-01-06,壬寅年 壬寅月 甲寅日,소한,,
2023-01-07,壬寅年 壬寅月 乙卯日,,,
2023-01-08,壬寅年 壬寅月 丙辰日,,,
2023-01-09,壬寅年 壬寅月 丁巳日,,,
2023-01-10,壬寅年 壬寅月 戊午日,,,
2023-01-11,壬寅年 壬寅月 己未日,,,
2023-01-12,壬寅年 壬寅月 庚申日,,,
2023-01-13,壬寅年 壬寅月 辛酉日,,,
2023-01-14,壬寅年 壬寅月 壬戌日,,,
2023-01-15,壬寅年 壬寅月 癸亥日,,,
2023-01-16,壬寅年 壬寅月 甲子日,,,
2023-01-17,壬寅年 壬寅月 乙丑日,,,
2023-01-18,壬寅年 壬寅月 丙寅日,,,
2023-01-19,壬寅年 壬寅月 丁卯日,,,
2023-01-20,壬寅年 壬寅月 戊辰日,대한,,
2023-01-21,壬寅年 壬寅月 己巳日,,,
2023-01-22,壬寅年 壬寅月 庚午日,,,
2023-01-23,壬寅年 壬寅月 辛未日,,,
2023-01-24,壬寅年 壬寅月 壬申日,,,
2023-01-25,壬寅年 壬寅月 癸酉日,,,
2023-01-26,壬寅年 壬寅月 甲戌日,,,
2023-01-27,壬寅年 壬寅月 乙亥日,,,
2023-01-28,壬寅年 壬寅月 丙子日,,,
2023-01-29,壬寅年 壬寅月 丁丑日,,,
2023-01-30,壬寅年 壬寅月 戊寅日,,,
2023-01-31,壬寅年 壬寅月 己卯日,,,
2023-02-01,壬寅年 癸卯月 庚辰日,,,
2023-02-02,壬寅年 癸卯月 辛巳日,,,
2023-02-03,壬寅年 癸卯月 壬午日,,,
2023-02-04,癸卯年 乙卯月 癸未日,입춘,,
2023-02-05,癸卯年 乙卯月 甲申日,,,
2023-02-06,癸卯年 乙卯月 乙酉日,,,
2023-02-07,癸卯年 乙卯月 丙戌日,,,
2023-02-08,癸卯年 乙卯月 丁亥日,,,
2023-02-09,癸卯年 乙卯月 戊子日,,,
2023-02-10,癸卯年 乙卯月 己丑日,,,
2023-02-11,癸卯年 乙卯月 庚寅日,,,
2023-02-12,癸卯年 乙卯月 辛卯日,,,
2023-02-13,癸卯年 乙卯月 壬辰日,,,
2023-02-14,癸卯年 乙卯月 癸巳日,,,
2023-02-15,癸卯年 乙卯月 甲午日,,,
2023-02-16,癸卯年 乙卯月 乙未日,,,
2023-02-17,癸卯年 乙卯月 丙申日,,,
2023-02-18,癸卯年 乙卯月 丁酉日,,,
2023-02-19,癸卯年 乙卯月 戊戌日,우수,,
2023-02-20,癸卯年 乙卯月 己亥日,,,
2023-02-21,癸卯年 乙卯月 庚子日,,,
2023-02-22,癸卯年 乙卯月 辛丑日,,,
2023-02-23,癸卯年 乙卯月 壬寅日,,,
2023-02-24,癸卯年 乙卯月 癸卯日,,,
2023-02-25,癸卯年 乙卯月 甲辰日,,,
2023-02-26,癸卯年 乙卯月 乙巳日,,,
2023-02-27,癸卯年 乙卯月 丙午日,,,
2023-02-28,癸卯年 乙卯月 丁未日,,,
2023-03-01,癸卯年 丙辰月 戊申日,,,
2023-03-02,癸卯年 丙辰月 己酉日,,,
2023-03-03,癸卯年 丙辰月 庚戌日,,,
2023-03-04,癸卯年 丙辰月 辛亥日,,,
2023-03-05,癸卯年 丙辰月 壬子日,,,
2023-03-06,癸卯年 丙辰月 癸丑日,경칩,,
2023-03-07,癸卯年 丙辰月 甲寅日,,,
2023-03-08,癸卯年 丙辰月 乙卯日,,,
2023-03-09,癸卯年 丙辰月 丙辰日,,,
2023-03-10,癸卯年 丙辰月 丁巳日,,,
2023-03-11,癸卯年 丙辰月 戊午日,,,
2023-03-12,癸卯年 丙辰月 己未日,,,
2023-03-13,癸卯年 丙辰月 庚申日,,,
2023-03-14,癸卯年 丙辰月 辛酉日,,,
2023-03-15,癸卯年 丙辰月 壬戌日,,,
2023-03-16,癸卯年 丙辰月 癸亥日,,,
2023-03-17,癸卯年 丙辰月 甲子日,,,
2023-03-18,癸卯年 丙辰月 乙丑日,,,
2023-03-19,癸卯年 丙辰月 丙寅日,,,
2023-03-20,癸卯年 丙辰月 丁卯日,,,
2023-03-21,癸卯年 丙辰月 戊辰日,춘분,,
2023-03-22,癸卯年 丙辰月 己巳日,,,
2023-03-23,癸卯年 丙辰月 庚午日,,,
2023-03-24,癸卯年 丙辰月 辛未日,,,
2023-03-25,癸卯年 丙辰月 壬申日,,,
2023-03-26,癸卯年 丙辰月 癸酉日,,,
2023-03-27,癸卯年 丙辰月 甲戌日,,,
2023-03-28,癸卯年 丙辰月 乙亥日,,,
2023-03-29,癸卯年 丙辰月 丙子日,,,
2023-03-30,癸卯年 丙辰月 丁丑日,,,
2023-03-31,癸卯年 丙辰月 戊寅日,,,
2023-04-01,癸卯年 丁巳月 己卯日,,,
2023-04-02,癸卯年 丁巳月 庚辰日,,,
2023-04-03,癸卯年 丁巳月 辛巳日,,,
2023-04-04,癸卯年 丁巳月 壬午日,,,
2023-04-05,癸卯年 丁巳月 癸未日,청명,,
2023-04-06,癸卯年 丁巳月 甲申日,,,
2023-04-07,癸卯年 丁巳月 乙酉日,,,
2023-04-08,癸卯年 丁巳月 丙戌日,,,
2023-04-09,癸卯年 丁巳月 丁亥日,,,
2023-04-10,癸卯年 丁巳月 戊子日,,,
2023-04-11,癸卯年 丁巳月 己丑日,,,
2023-04-12,癸卯年 丁巳月 庚寅日,,,
2023-04-13,癸卯年 丁巳月 辛卯日,,,
2023-04-14,癸卯年 丁巳月 壬辰日,,,
2023-04-15,癸卯年 丁巳月 癸巳日,,,
2023-04-16,癸卯年 丁巳月 甲午日,,,
2023-04-17,癸卯年 丁巳月 乙未日,,,
2023-04-18,癸卯年 丁巳月 丙申日,,,
2023-04-19,癸卯年 丁巳月 丁酉日,,,
2023-04-20,癸卯年 丁巳月 戊戌日,곡우,,
2023-04-21,癸卯年 丁巳月 己亥日,,,
2023-04-22,癸卯年 丁巳月 庚子日,,,
2023-04-23,癸卯年 丁巳月 辛丑日,,,
2023-04-24,癸卯年 丁巳月 壬寅日,,,
2023-04-25,癸卯年 丁巳月 癸卯日,,,
2023-04-26,癸卯年 丁巳月 甲辰日,,,
2023-04-27,癸卯年 丁巳月 乙巳日,,,
2023-04-28,癸卯年 丁巳月 丙午日,,,
2023-04-29,癸卯年 丁巳月 丁未日,,,
2023-04-30,癸卯年 丁巳月 戊申日,,,
2023-05-01,癸卯年 戊午月 己酉日,,,
2023-05-02,癸卯年 戊午月 庚戌日,,,
2023-05-03,癸卯年 戊午月 辛亥日,,,
2023-05-04,癸卯年 戊午月 壬子日,,,
2023-05-05,癸卯年 戊午月 癸丑日,,,
2023-05-06,癸卯年 戊午月 甲寅日,입하,,
2023-05-07,癸卯年 戊午月 乙卯日,,,
2023-05-08,癸卯年 戊午月 丙辰日,,,
2023-05-09,癸卯年 戊午月 丁巳日,,,
2023-05-10,癸卯年 戊午月 戊午日,,,
2023-05-11,癸卯年 戊午月 己未日,,,
2023-05-12,癸卯年 戊午月 庚申日,,,
2023-05-13,癸卯年 戊午月 辛酉日,,,
2023-05-14,癸卯年 戊午月 壬戌日,,,
2023-05-15,癸卯年 戊午月 癸亥日,,,
2023-05-16,癸卯年 戊午月 甲子日,,,
2023-05-17,癸卯年 戊午月 乙丑日,,,
2023-05-18,癸卯年 戊午月 丙寅日,,,
2023-05-19,癸卯年 戊午月 丁卯日,,,
2023-05-20,癸卯年 戊午月 戊辰日,,,
2023-05-21,癸卯年 戊午月 己巳日,소만,,
2023-05-22,癸卯年 戊午月 庚午日,,,
2023-05-23,癸卯年 戊午月 辛未日,,,
2023-05-24,癸卯年 戊午月 壬申日,,,
2023-05-25,癸卯年 戊午月 癸酉日,,,
2023-05-26,癸卯年 戊午月 甲戌日,,,
2023-05-27,癸卯年 戊午月 乙亥日,,,
2023-05-28,癸卯年 戊午月 丙子日,,,
2023-05-29,癸卯年 戊午月 丁丑日,,,
2023-05-30,癸卯年 戊午月 戊寅日,,,
2023-05-31,癸卯年 戊午月 己卯日,,,
2023-06-01,癸卯年 己未月 庚辰日,,,
2023-06-02,癸卯年 己未月 辛巳日,,,
2023-06-03,癸卯年 己未月 壬午日,,,
2023-06-04,癸卯年 己未月 癸未日,,,
2023-06-05,癸卯年 己未月 甲申日,,,
2023-06-06,癸卯年 己未月 乙酉日,망종,,
2023-06-07,癸卯年 己未月 丙戌日,,,
2023-06-08,癸卯年 己未月 丁亥日,,,
2023-06-09,癸卯年 己未月 戊子日,,,
2023-06-10,癸卯年 己未月 己丑日,,,
2023-06-11,癸卯年 己未月 庚寅日,,,
2023-06-12,癸卯年 己未月 辛卯日,,,
2023-06-13,癸卯年 己未月 壬辰日,,,
2023-06-14,癸卯年 己未月 癸巳日,,,
2023-06-15,癸卯年 己未月 甲午日,,,
2023-06-16,癸卯年 己未月 乙未日,,,
2023-06-17,癸卯年 己未月 丙申日,,,
2023-06-18,癸卯年 己未月 丁酉日,,,
2023-06-19,癸卯年 己未月 戊戌日,,,
2023-06-20,癸卯年 己未月 己亥日,,,
2023-06-21,癸卯年 己未月 庚子日,하지,,
2023-06-22,癸卯年 己未月 辛丑日,,,
2023-06-23,癸卯年 己未月 壬寅日,,,
2023-06-24,癸卯年 己未月 癸卯日,,,
2023-06-25,癸卯年 己未月 甲辰日,,,
2023-06-26,癸卯年 己未月 乙巳日,,,
2023-06-27,癸卯年 己未月 丙午日,,,
2023-06-28,癸卯年 己未月 丁未日,,,
2023-06-29,癸卯年 己未月 戊申日,,,
2023-06-30,癸卯年 己未月 己酉日,,,
2023-07-01,癸卯年 庚申月 庚戌日,,,
2023-07-02,癸卯年 庚申月 辛亥日,,,
2023-07-03,癸卯年 庚申月 壬子日,,,
2023-07-04,癸卯年 庚申月 癸丑日,,,
2023-07-05,癸卯年 庚申月 甲寅日,,,
2023-07-06,癸卯年 庚申月 乙卯日,,,
2023-07-07,癸卯年 庚申月 丙辰日,소서,,
2023-07-08,癸卯年 庚申月 丁巳日,,,
2023-07-09,癸卯年 庚申月 戊午日,,,
2023-07-10,癸卯年 庚申月 己未日,,,
2023-07-11,癸卯年 庚申月 庚申日,,,
2023-07-12,癸卯年 庚申月 辛酉日,,,
2023-07-13,癸卯年 庚申月 壬戌日,,,
2023-07-14,癸卯年 庚申月 癸亥日,,,
2023-07-15,癸卯年 庚申月 甲子日,,,
2023-07-16,癸卯年 庚申月 乙丑日,,,
2023-07-17,癸卯年 庚申月 丙寅日,,,
2023-07-18,癸卯年 庚申月 丁卯日,,,
2023-07-19,癸卯年 庚申月 戊辰日,,,
2023-07-20,癸卯年 庚申月 己巳日,,,
2023-07-21,癸卯年 庚申月 庚午日,,,
2023-07-22,癸卯年 庚申月 辛未日,,,
2023-07-23,癸卯年 庚申月 壬申日,대서,,
2023-07-24,癸卯年 庚申月 癸酉日,,,
2023-07-25,癸卯年 庚申月 甲戌日,,,
2023-07-26,癸卯年 庚申月 乙亥日,,,
2023-07-27,癸卯年 庚申月 丙子日,,,
2023-07-28,癸卯年 庚申月 丁丑日,,,
2023-07-29,癸卯年 庚申月 戊寅日,,,
2023-07-30,癸卯年 庚申月 己卯日,,,
2023-07-31,癸卯年 庚申月 庚辰日,,,
2023-08-01,癸卯年 辛酉月 辛巳日,,,
2023-08-02,癸卯年 辛酉月 壬午日,,,
2023-08-03,癸卯年 辛酉月 癸未日,,,
2023-08-04,癸卯年 辛酉月 甲申日,,,
2023-08-05,癸卯年 辛酉月 乙酉日,,,
2023-08-06,癸卯年 辛酉月 丙戌日,,,
2023-08-07,癸卯年 辛酉月 丁亥日,,,
2023-08-08,癸卯年 辛酉月 戊子日,입추,,
2023-08-09,癸卯年 辛酉月 己丑日,,,
2023-08-10,癸卯年 辛酉月 庚寅日,,,
2023-08-11,癸卯年 辛酉月 辛卯日,,,
2023-08-12,癸卯年 辛酉月 壬辰日,,,
2023-08-13,癸卯年 辛酉月 癸巳日,,,
2023-08-14,癸卯年 辛酉月 甲午日,,,
2023-08-15,癸卯年 辛酉月 乙未日,,,
2023-08-16,癸卯年 辛酉月 丙申日,,,
2023-08-17,癸卯年 辛酉月 丁酉日,,,
2023-08-18,癸卯年 辛酉月 戊戌日,,,
2023-08-19,癸卯年 辛酉月 己亥日,,,
2023-08-20,癸卯年 辛酉月 庚子日,,,
2023-08-21,癸卯年 辛酉月 辛丑日,,,
2023-08-22,癸卯年 辛酉月 壬寅日,,,
2023-08-23,癸卯年 辛酉月 癸卯日,처서,,
2023-08-24,癸卯年 辛酉月 甲辰日,,,
2023-08-25,癸卯年 辛酉月 乙巳日,,,
2023-08-26,癸卯年 辛酉月 丙午日,,,
2023-08-27,癸卯年 辛酉月 丁未日,,,
2023-08-28,癸卯年 辛酉月 戊申日,,,
2023-08-29,癸卯年 辛酉月 己酉日,,,
2023-08-30,癸卯年 辛酉月 庚戌日,,,
2023-08-31,癸卯年 辛酉月 辛亥日,,,
2023-09-01,癸卯年 壬戌月 壬子日,,,
2023-09-02,癸卯年 壬戌月 癸丑日,,,
2023-09-03,癸卯年 壬戌月 甲寅日,,,
2023-09-04,癸卯年 壬戌月 乙卯日,,,
2023-09-05,癸卯年 壬戌月 丙辰日,,,
2023-09-06,癸卯年 壬戌月 丁巳日,,,
2023-09-07,癸卯年 壬戌月 戊午日,,,
2023-09-08,癸卯年 壬戌月 己未日,백로,,
2023-09-09,癸卯年 壬戌月 庚申日,,,
2023-09-10,癸卯年 壬戌月 辛酉日,,,
2023-09-11,癸卯年 壬戌月 壬戌日,,,
2023-09-12,癸卯年 壬戌月 癸亥日,,,
2023-09-13,癸卯年 壬戌月 甲子日,,,
2023-09-14,癸卯年 壬戌月 乙丑日,,,
2023-09-15,癸卯年 壬戌月 丙寅日,,,
2023-09-16,癸卯年 壬戌月 丁卯日,,,
2023-09-17,癸卯年 壬戌月 戊辰日,,,
2023-09-18,癸卯年 壬戌月 己巳日,,,
2023-09-19,癸卯年 壬戌月 庚午日,,,
2023-09-20,癸卯年 壬戌月 辛未日,,,
2023-09-21,癸卯年 壬戌月 壬申日,,,
2023-09-22,癸卯年 壬戌月 癸酉日,,,
2023-09-23,癸卯年 壬戌月 甲戌日,추분,,
2023-09-24,癸卯年 壬戌月 乙亥日,,,
2023-09-25,癸卯年 壬戌月 丙子日,,,
2023-09-26,癸卯年 壬戌月 丁丑日,,,
2023-09-27,癸卯年 壬戌月 戊寅日,,,
2023-09-28,癸卯年 壬戌月 己卯日,,,
2023-09-29,癸卯年 壬戌月 庚辰日,,,
2023-09-30,癸卯年 壬戌月 辛巳日,,,
2023-10-01,癸卯年 癸亥月 壬午日,,,
2023-10-02,癸卯年 癸亥月 癸未日,,,
2023-10-03,癸卯年 癸亥月 甲申日,,,
2023-10-04,癸卯年 癸亥月 乙酉日,,,
2023-10-05,癸卯年 癸亥月 丙戌日,,,
2023-10-06,癸卯年 癸亥月 丁亥日,,,
2023-10-07,癸卯年 癸亥月 戊子日,,,
2023-10-08,癸卯年 癸亥月 己丑日,한로,,
2023-10-09,癸卯年 癸亥月 庚寅日,,,
2023-10-10,癸卯年 癸亥月 辛卯日,,,
2023-10-11,癸卯年 癸亥月 壬辰日,,,
2023-10-12,癸卯年 癸亥月 癸巳日,,,
2023-10-13,癸卯年 癸亥月 甲午日,,,
2023-10-14,癸卯年 癸亥月 乙未日,,,
2023-10-15,癸卯年 癸亥月 丙申日,,,
2023-10-16,癸卯年 癸亥月 丁酉日,,,
2023-10-17,癸卯年 癸亥月 戊戌日,,,
2023-10-18,癸卯年 癸亥月 己亥日,,,
2023-10-19,癸卯年 癸亥月 庚子日,,,
2023-10-20,癸卯年 癸亥月 辛丑日,,,
2023-10-21,癸卯年 癸亥月 壬寅日,,,
2023-10-22,癸卯年 癸亥月 癸卯日,,,
2023-10-23,癸卯年 癸亥月 甲辰日,,,
2023-10-24,癸卯年 癸亥月 乙巳日,상강,,
2023-10-25,癸卯年 癸亥月 丙午日,,,
2023-10-26,癸卯年 癸亥月 丁未日,,,
2023-10-27,癸卯年 癸亥月 戊申日,,,
2023-10-28,癸卯年 癸亥月 己酉日,,,
2023-10-29,癸卯年 癸亥月 庚戌日,,,
2023-10-30,癸卯年 癸亥月 辛亥日,,,
2023-10-31,癸卯年 癸亥月 壬子日,,,
2023-11-01,癸卯年 甲子月 癸丑日,,,
2023-11-02,癸卯年 甲子月 甲寅日,,,
2023-11-03,癸卯年 甲子月 乙卯日,,,
2023-11-04,癸卯年 甲子月 丙辰日,,,
2023-11-05,癸卯年 甲子月 丁巳日,,,
2023-11-06,癸卯年 甲子月 戊午日,,,
2023-11-07,癸卯年 甲子月 己未日,,,
2023-11-08,癸卯年 甲子月 庚申日,입동,,
2023-11-09,癸卯年 甲子月 辛酉日,,,
2023-11-10,癸卯年 甲子月 壬戌日,,,
2023-11-11,癸卯年 甲子月 癸亥日,,,
2023-11-12,癸卯年 甲子月 甲子日,,,
2023-11-13,癸卯年 甲子月 乙丑日,,,
2023-11-14,癸卯年 甲子月 丙寅日,,,
2023-11-15,癸卯年 甲子月 丁卯日,,,
2023-11-16,癸卯年 甲子月 戊辰日,,,
2023-11-17,癸卯年 甲子月 己巳日,,,
2023-11-18,癸卯年 甲子月 庚午日,,,
2023-11-19,癸卯年 甲子月 辛未日,,,
2023-11-20,癸卯年 甲子月 壬申日,,,
2023-11-21,癸卯年 甲子月 癸酉日,,,
2023-11-22,癸卯年 甲子月 甲戌日,소설,,
2023-11-23,癸卯年 甲子月 乙亥日,,,
2023-11-24,癸卯年 甲子月 丙子日,,,
2023-11-25,癸卯年 甲子月 丁丑日,,,
2023-11-26,癸卯年 甲子月 戊寅日,,,
2023-11-27,癸卯年 甲子月 己卯日,,,
2023-11-28,癸卯年 甲子月 庚辰日,,,
2023-11-29,癸卯年 甲子月 辛巳日,,,
2023-11-30,癸卯年 甲子月 壬午日,,,
2023-12-01,癸卯年 乙丑月 癸未日,,,
2023-12-02,癸卯年 乙丑月 甲申日,,,
2023-12-03,癸卯年 乙丑月 乙酉日,,,
2023-12-04,癸卯年 乙丑月 丙戌日,,,
2023-12-05,癸卯年 乙丑月 丁亥日,,,
2023-12-06,癸卯年 乙丑月 戊子日,,,
2023-12-07,癸卯年 乙丑月 己丑日,대설,,
2023-12-08,癸卯年 乙丑月 庚寅日,,,
2023-12-09,癸卯年 乙丑月 辛卯日,,,
2023-12-10,癸卯年 乙丑月 壬辰日,,,
2023-12-11,癸卯年 乙丑月 癸巳日,,,
2023-12-12,癸卯年 乙丑月 甲午日,,,
2023-12-13,癸卯年 乙丑月 乙未日,,,
2023-12-14,癸卯年 乙丑月 丙申日,,,
2023-12-15,癸卯年 乙丑月 丁酉日,,,
2023-12-16,癸卯年 乙丑月 戊戌日,,,
2023-12-17,癸卯年 乙丑月 己亥日,,,
2023-12-18,癸卯年 乙丑月 庚子日,,,
2023-12-19,癸卯年 乙丑月 辛丑日,,,
2023-12-20,癸卯年 乙丑月 壬寅日,,,
2023-12-21,癸卯年 乙丑月 癸卯日,,,
2023-12-22,癸卯年 乙丑月 甲辰日,동지,,
2023-12-23,癸卯年 乙丑月 乙巳日,,,
2023-12-24,癸卯年 乙丑月 丙午日,,,
2023-12-25,癸卯年 乙丑月 丁未日,,,
2023-12-26,癸卯年 乙丑月 戊申日,,,
2023-12-27,癸卯年 乙丑月 己酉日,,,
2023-12-28,癸卯年 乙丑月 庚戌日,,,
2023-12-29,癸卯年 乙丑月 辛亥日,,,
2023-12-30,癸卯年 乙丑月 壬子日,,,
2023-12-31,癸卯年 乙丑月 癸丑日,,,
2024-01-01,癸卯年 甲寅月 甲寅日,,,
2024-01-02,癸卯年 甲寅月 乙卯日,,,
2024-01-03,癸卯年 甲寅月 丙辰日,,,
2024-01-04,癸卯年 甲寅月 丁巳日,,,
2024-01-05,癸卯年 甲寅月 戊午日,,,
2024-01-06,癸卯年 甲寅月 己未日,소한,,
2024-01-07,癸卯年 甲寅月 庚申日,,,
2024-01-08,癸卯年 甲寅月 辛酉日,,,
2024-01-09,癸卯年 甲寅月 壬戌日,,,
2024-01-10,癸卯年 甲寅月 癸亥日,,,
2024-01-11,癸卯年 甲寅月 甲子日,,,
2024-01-12,癸卯年 甲寅月 乙丑日,,,
2024-01-13,癸卯年 甲寅月 丙寅日,,,
2024-01-14,癸卯年 甲寅月 丁卯日,,,
2024-01-15,癸卯年 甲寅月 戊辰日,,,
2024-01-16,癸卯年 甲寅月 己巳日,,,
2024-01-17,癸卯年 甲寅月 庚午日,,,
2024-01-18,癸卯年 甲寅月 辛未日,,,
2024-01-19,癸卯年 甲寅月 壬申日,,,
2024-01-20,癸卯年 甲寅月 癸酉日,대한,,
2024-01-21,癸卯年 甲寅月 甲戌日,,,
2024-01-22,癸卯年 甲寅月 乙亥日,,,
2024-01-23,癸卯年 甲寅月 丙子日,,,
2024-01-24,癸卯年 甲寅月 丁丑日,,,
2024-01-25,癸卯年 甲寅月 戊寅日,,,
2024-01-26,癸卯年 甲寅月 己卯日,,,
2024-01-27,癸卯年 甲寅月 庚辰日,,,
2024-01-28,癸卯年 甲寅月 辛巳日,,,
2024-01-29,癸卯年 甲寅月 壬午日,,,
2024-01-30,癸卯年 甲寅月 癸未日,,,
2024-01-31,癸卯年 甲寅月 甲申日,,,
2024-02-01,癸卯年 乙卯月 乙酉日,,,
2024-02-02,癸卯年 乙卯月 丙戌日,,,
2024-02-03,癸卯年 乙卯月 丁亥日,,,
2024-02-04,甲辰年 丁卯月 戊子日,입춘,,
2024-02-05,甲辰年 丁卯月 己丑日,,,
2024-02-06,甲辰年 丁卯月 庚寅日,,,
2024-02-07,甲辰年 丁卯月 辛卯日,,,
2024-02-08,甲辰年 丁卯月 壬辰日,,,
2024-02-09,甲辰年 丁卯月 癸巳日,,,
2024-02-10,甲辰年 丁卯月 甲午日,,,
2024-02-11,甲辰年 丁卯月 乙未日,,,
2024-02-12,甲辰年 丁卯月 丙申日,,,
2024-02-13,甲辰年 丁卯月 丁酉日,,,
2024-02-14,甲辰年 丁卯月 戊戌日,,,
2024-02-15,甲辰年 丁卯月 己亥日,,,
2024-02-16,甲辰年 丁卯月 庚子日,,,
2024-02-17,甲辰年 丁卯月 辛丑日,,,
2024-02-18,甲辰年 丁卯月 壬寅日,,,
2024-02-19,甲辰年 丁卯月 癸卯日,우수,,
2024-02-20,甲辰年 丁卯月 甲辰日,,,
2024-02-21,甲辰年 丁卯月 乙巳日,,,
2024-02-22,甲辰年 丁卯月 丙午日,,,
2024-02-23,甲辰年 丁卯月 丁未日,,,
2024-02-24,甲辰年 丁卯月 戊申日,,,
2024-02-25,甲辰年 丁卯月 己酉日,,,
2024-02-26,甲辰年 丁卯月 庚戌日,,,
2024-02-27,甲辰年 丁卯月 辛亥日,,,
2024-02-28,甲辰年 丁卯月 壬子日,,,
2024-02-29,甲辰年 丁卯月 癸丑日,,,
2024-03-01,甲辰年 戊辰月 甲寅日,,,
2024-03-02,甲辰年 戊辰月 乙卯日,,,
2024-03-03,甲辰年 戊辰月 丙辰日,,,
2024-03-04,甲辰年 戊辰月 丁巳日,,,
2024-03-05,甲辰年 戊辰月 戊午日,,,
2024-03-06,甲辰年 戊辰月 己未日,경칩,,
2024-03-07,甲辰年 戊辰月 庚申日,,,
2024-03-08,甲辰年 戊辰月 辛酉日,,,
2024-03-09,甲辰年 戊辰月 壬戌日,,,
2024-03-10,甲辰年 戊辰月 癸亥日,,,
2024-03-11,甲辰年 戊辰月 甲子日,,,
2024-03-12,甲辰年 戊辰月 乙丑日,,,
2024-03-13,甲辰年 戊辰月 丙寅日,,,
2024-03-14,甲辰年 戊辰月 丁卯日,,,
2024-03-15,甲辰年 戊辰月 戊辰日,,,
2024-03-16,甲辰年 戊辰月 己巳日,,,
2024-03-17,甲辰年 戊辰月 庚午日,,,
2024-03-18,甲辰年 戊辰月 辛未日,,,
2024-03-19,甲辰年 戊辰月 壬申日,,,
2024-03-20,甲辰年 戊辰月 癸酉日,,,
2024-03-21,甲辰年 戊辰月 甲戌日,춘분,,
2024-03-22,甲辰年 戊辰月 乙亥日,,,
2024-03-23,甲辰年 戊辰月 丙子日,,,
2024-03-24,甲辰年 戊辰月 丁丑日,,,
2024-03-25,甲辰年 戊辰月 戊寅日,,,
2024-03-26,甲辰年 戊辰月 己卯日,,,
2024-03-27,甲辰年 戊辰月 庚辰日,,,
2024-03-28,甲辰年 戊辰月 辛巳日,,,
2024-03-29,甲辰年 戊辰月 壬午日,,,
2024-03-30,甲辰年 戊辰月 癸未日,,,
2024-03-31,甲辰年 戊辰月 甲申日,,,
2024-04-01,甲辰年 己巳月 乙酉日,,,
2024-04-02,甲辰年 己巳月 丙戌日,,,
2024-04-03,甲辰年 己巳月 丁亥日,,,
2024-04-04,甲辰年 己巳月 戊子日,,,
2024-04-05,甲辰年 己巳月 己丑日,청명,,
2024-04-06,甲辰年 己巳月 庚寅日,,,
2024-04-07,甲辰年 己巳月 辛卯日,,,
2024-04-08,甲辰年 己巳月 壬辰日,,,
2024-04-09,甲辰年 己巳月 癸巳日,,,
2024-04-10,甲辰年 己巳月 甲午日,,,
2024-04-11,甲辰年 己巳月 乙未日,,,
2024-04-12,甲辰年 己巳月 丙申日,,,
2024-04-13,甲辰年 己巳月 丁酉日,,,
2024-04-14,甲辰年 己巳月 戊戌日,,,
2024-04-15,甲辰年 己巳月 己亥日,,,
2024-04-16,甲辰年 己巳月 庚子日,,,
2024-04-17,甲辰年 己巳月 辛丑日,,,
2024-04-18,甲辰年 己巳月 壬寅日,,,
2024-04-19,甲辰年 己巳月 癸卯日,,,
2024-04-20,甲辰年 己巳月 甲辰日,곡우,,
2024-04-21,甲辰年 己巳月 乙巳日,,,
2024-04-22,甲辰年 己巳月 丙午日,,,
2024-04-23,甲辰年 己巳月 丁未日,,,
2024-04-24,甲辰年 己巳月 戊申日,,,
2024-04-25,甲辰年 己巳月 己酉日,,,
2024-04-26,甲辰年 己巳月 庚戌日,,,
2024-04-27,甲辰年 己巳月 辛亥日,,,
2024-04-28,甲辰年 己巳月 壬子日,,,
2024-04-29,甲辰年 己巳月 癸丑日,,,
2024-04-30,甲辰年 己巳月 甲寅日,,,
2024-05-01,甲辰年 庚午月 乙卯日,,,
2024-05-02,甲辰年 庚午月 丙辰日,,,
2024-05-03,甲辰年 庚午月 丁巳日,,,
2024-05-04,甲辰年 庚午月 戊午日,,,
2024-05-05,甲辰年 庚午月 己未日,,,
2024-05-06,甲辰年 庚午月 庚申日,입하,,
2024-05-07,甲辰年 庚午月 辛酉日,,,
2024-05-08,甲辰年 庚午月 壬戌日,,,
2024-05-09,甲辰年 庚午月 癸亥日,,,
2024-05-10,甲辰年 庚午月 甲子日,,,
2024-05-11,甲辰年 庚午月 乙丑日,,,
2024-05-12,甲辰年 庚午月 丙寅日,,,
2024-05-13,甲辰年 庚午月 丁卯日,,,
2024-05-14,甲辰年 庚午月 戊辰日,,,
2024-05-15,甲辰年 庚午月 己巳日,,,
2024-05-16,甲辰年 庚午月 庚午日,,,
2024-05-17,甲辰年 庚午月 辛未日,,,
2024-05-18,甲辰年 庚午月 壬申日,,,
2024-05-19,甲辰年 庚午月 癸酉日,,,
2024-05-20,甲辰年 庚午月 甲戌日,,,
2024-05-21,甲辰年 庚午月 乙亥日,소만,,
2024-05-22,甲辰年 庚午月 丙子日,,,
2024-05-23,甲辰年 庚午月 丁丑日,,,
2024-05-24,甲辰年 庚午月 戊寅日,,,
2024-05-25,甲辰年 庚午月 己卯日,,,
2024-05-26,甲辰年 庚午月 庚辰日,,,
2024-05-27,甲辰年 庚午月 辛巳日,,,
2024-05-28,甲辰年 庚午月 壬午日,,,
2024-05-29,甲辰年 庚午月 癸未日,,,
2024-05-30,甲辰年 庚午月 甲申日,,,
2024-05-31,甲辰年 庚午月 乙酉日,,,
2024-06-01,甲辰年 辛未月 丙戌日,,,
2024-06-02,甲辰年 辛未月 丁亥日,,,
2024-06-03,甲辰年 辛未月 戊子日,,,
2024-06-04,甲辰年 辛未月 己丑日,,,
2024-06-05,甲辰年 辛未月 庚寅日,,,
2024-06-06,甲辰年 辛未月 辛卯日,망종,,
2024-06-07,甲辰年 辛未月 壬辰日,,,
2024-06-08,甲辰年 辛未月 癸巳日,,,
2024-06-09,甲辰年 辛未月 甲午日,,,
2024-06-10,甲辰年 辛未月 乙未日,,,
2024-06-11,甲辰年 辛未月 丙申日,,,
2024-06-12,甲辰年 辛未月 丁酉日,,,
2024-06-13,甲辰年 辛未月 戊戌日,,,
2024-06-14,甲辰年 辛未月 己亥日,,,
2024-06-15,甲辰年 辛未月 庚子日,,,
2024-06-16,甲辰年 辛未月 辛丑日,,,
2024-06-17,甲辰年 辛未月 壬寅日,,,
2024-06-18,甲辰年 辛未月 癸卯日,,,
2024-06-19,甲辰年 辛未月 甲辰日,,,
2024-06-20,甲辰年 辛未月 乙巳日,,,
2024-06-21,甲辰年 辛未月 丙午日,하지,,
2024-06-22,甲辰年 辛未月 丁未日,,,
2024-06-23,甲辰年 辛未月 戊申日,,,
2024-06-24,甲辰年 辛未月 己酉日,,,
2024-06-25,甲辰年 辛未月 庚戌日,,,
2024-06-26,甲辰年 辛未月 辛亥日,,,
2024-06-27,甲辰年 辛未月 壬子日,,,
2024-06-28,甲辰年 辛未月 癸丑日,,,
2024-06-29,甲辰年 辛未月 甲寅日,,,
2024-06-30,甲辰年 辛未月 乙卯日,,,
2024-07-01,甲辰年 壬申月 丙辰日,,,
2024-07-02,甲辰年 壬申月 丁巳日,,,
2024-07-03,甲辰年 壬申月 戊午日,,,
2024-07-04,甲辰年 壬申月 己未日,,,
2024-07-05,甲辰年 壬申月 庚申日,,,
2024-07-06,甲辰年 壬申月 辛酉日,,,
2024-07-07,甲辰年 壬申月 壬戌日,소서,,
2024-07-08,甲辰年 壬申月 癸亥日,,,
2024-07-09,甲辰年 壬申月 甲子日,,,
2024-07-10,甲辰年 壬申月 乙丑日,,,
2024-07-11,甲辰年 壬申月 丙寅日,,,
2024-07-12,甲辰年 壬申月 丁卯日,,,
2024-07-13,甲辰年 壬申月 戊辰日,,,
2024-07-14,甲辰年 壬申月 己巳日,,,
2024-07-15,甲辰年 壬申月 庚午日,,,
2024-07-16,甲辰年 壬申月 辛未日,,,
2024-07-17,甲辰年 壬申月 壬申日,,,
2024-07-18,甲辰年 壬申月 癸酉日,,,
2024-07-19,甲辰年 壬申月 甲戌日,,,
2024-07-20,甲辰年 壬申月 乙亥日,,,
2024-07-21,甲辰年 壬申月 丙子日,,,
2024-07-22,甲辰年 壬申月 丁丑日,,,
2024-07-23,甲辰年 壬申月 戊寅日,대서,,
2024-07-24,甲辰年 壬申月 己卯日,,,
2024-07-25,甲辰年 壬申月 庚辰日,,,
2024-07-26,甲辰年 壬申月 辛巳日,,,
2024-07-27,甲辰年 壬申月 壬午日,,,
2024-07-28,甲辰年 壬申月 癸未日,,,
2024-07-29,甲辰年 壬申月 甲申日,,,
2024-07-30,甲辰年 壬申月 乙酉日,,,
2024-07-31,甲辰年 壬申月 丙戌日,,,
2024-08-01,甲辰年 癸酉月 丁亥日,,,
2024-08-02,甲辰年 癸酉月 戊子日,,,
2024-08-03,甲辰年 癸酉月 己丑日,,,
2024-08-04,甲辰年 癸酉月 庚寅日,,,
2024-08-05,甲辰年 癸酉月 辛卯日,,,
2024-08-06,甲辰年 癸酉月 壬辰日,,,
2024-08-07,甲辰年 癸酉月 癸巳日,,,
2024-08-08,甲辰年 癸酉月 甲午日,입추,,
2024-08-09,甲辰年 癸酉月 乙未日,,,
2024-08-10,甲辰年 癸酉月 丙申日,,,
2024-08-11,甲辰年 癸酉月 丁酉日,,,
2024-08-12,甲辰年 癸酉月 戊戌日,,,
2024-08-13,甲辰年 癸酉月 己亥日,,,
2024-08-14,甲辰年 癸酉月 庚子日,,,
2024-08-15,甲辰年 癸酉月 辛丑日,,,
2024-08-16,甲辰年 癸酉月 壬寅日,,,
2024-08-17,甲辰年 癸酉月 癸卯日,,,
2024-08-18,甲辰年 癸酉月 甲辰日,,,
2024-08-19,甲辰年 癸酉月 乙巳日,,,
2024-08-20,甲辰年 癸酉月 丙午日,,,
2024-08-21,甲辰年 癸酉月 丁未日,,,
2024-08-22,甲辰年 癸酉月 戊申日,,,
2024-08-23,甲辰年 癸酉月 己酉日,처서,,
2024-08-24,甲辰年 癸酉月 庚戌日,,,
2024-08-25,甲辰年 癸酉月 辛亥日,,,
2024-08-26,甲辰年 癸酉月 壬子日,,,
2024-08-27,甲辰年 癸酉月 癸丑日,,,
2024-08-28,甲辰年 癸酉月 甲寅日,,,
2024-08-29,甲辰年 癸酉月 乙卯日,,,
2024-08-30,甲辰年 癸酉月 丙辰日,,,
2024-08-31,甲辰年 癸酉月 丁巳日,,,
2024-09-01,甲辰年 甲戌月 戊午日,,,
2024-09-02,甲辰年 甲戌月 己未日,,,
2024-09-03,甲辰年 甲戌月 庚申日,,,
2024-09-04,甲辰年 甲戌月 辛酉日,,,
2024-09-05,甲辰年 甲戌月 壬戌日,,,
2024-09-06,甲辰年 甲戌月 癸亥日,,,
2024-09-07,甲辰年 甲戌月 甲子日,,,
2024-09-08,甲辰年 甲戌月 乙丑日,백로,,
2024-09-09,甲辰年 甲戌月 丙寅日,,,
2024-09-10,甲辰年 甲戌月 丁卯日,,,
2024-09-11,甲辰年 甲戌月 戊辰日,,,
2024-09-12,甲辰年 甲戌月 己巳日,,,
2024-09-13,甲辰年 甲戌月 庚午日,,,
2024-09-14,甲辰年 甲戌月 辛未日,,,
2024-09-15,甲辰年 甲戌月 壬申日,,,
2024-09-16,甲辰年 甲戌月 癸酉日,,,
2024-09-17,甲辰年 甲戌月 甲戌日,,,
2024-09-18,甲辰年 甲戌月 乙亥日,,,
2024-09-19,甲辰年 甲戌月 丙子日,,,
2024-09-20,甲辰年 甲戌月 丁丑日,,,
2024-09-21,甲辰年 甲戌月 戊寅日,,,
2024-09-22,甲辰年 甲戌月 己卯日,,,
2024-09-23,甲辰年 甲戌月 庚辰日,추분,,
2024-09-24,甲辰年 甲戌月 辛巳日,,,
2024-09-25,甲辰年 甲戌月 壬午日,,,
2024-09-26,甲辰年 甲戌月 癸未日,,,
2024-09-27,甲辰年 甲戌月 甲申日,,,
2024-09-28,甲辰年 甲戌月 乙酉日,,,
2024-09-29,甲辰年 甲戌月 丙戌日,,,
2024-09-30,甲辰年 甲戌月 丁亥日,,,
2024-10-01,甲辰年 乙亥月 戊子日,,,
2024-10-02,甲辰年 乙亥月 己丑日,,,
2024-10-03,甲辰年 乙亥月 庚寅日,,,
2024-10-04,甲辰年 乙亥月 辛卯日,,,
2024-10-05,甲辰年 乙亥月 壬辰日,,,
2024-10-06,甲辰年 乙亥月 癸巳日,,,
2024-10-07,甲辰年 乙亥月 甲午日,,,
2024-10-08,甲辰年 乙亥月 乙未日,한로,,
2024-10-09,甲辰年 乙亥月 丙申日,,,
2024-10-10,甲辰年 乙亥月 丁酉日,,,
2024-10-11,甲辰年 乙亥月 戊戌日,,,
2024-10-12,甲辰年 乙亥月 己亥日,,,
2024-10-13,甲辰年 乙亥月 庚子日,,,
2024-10-14,甲辰年 乙亥月 辛丑日,,,
2024-10-15,甲辰年 乙亥月 壬寅日,,,
2024-10-16,甲辰年 乙亥月 癸卯日,,,
2024-10-17,甲辰年 乙亥月 甲辰日,,,
2024-10-18,甲辰年 乙亥月 乙巳日,,,
2024-10-19,甲辰年 乙亥月 丙午日,,,
2024-10-20,甲辰年 乙亥月 丁未日,,,
2024-10-21,甲辰年 乙亥月 戊申日,,,
2024-10-22,甲辰年 乙亥月 己酉日,,,
2024-10-23,甲辰年 乙亥月 庚戌日,,,
2024-10-24,甲辰年 乙亥月 辛亥日,상강,,
2024-10-25,甲辰年 乙亥月 壬子日,,,
2024-10-26,甲辰年 乙亥月 癸丑日,,,
2024-10-27,甲辰年 乙亥月 甲寅日,,,
2024-10-28,甲辰年 乙亥月 乙卯日,,,
2024-10-29,甲辰年 乙亥月 丙辰日,,,
2024-10-30,甲辰年 乙亥月 丁巳日,,,
2024-10-31,甲辰年 乙亥月 戊午日,,,
2024-11-01,甲辰年 丙子月 己未日,,,
2024-11-02,甲辰年 丙子月 庚申日,,,
2024-11-03,甲辰年 丙子月 辛酉日,,,
2024-11-04,甲辰年 丙子月 壬戌日,,,
2024-11-05,甲辰年 丙子月 癸亥日,,,
2024-11-06,甲辰年 丙子月 甲子日,,,
2024-11-07,甲辰年 丙子月 乙丑日,,,
2024-11-08,甲辰年 丙子月 丙寅日,입동,,
2024-11-09,甲辰年 丙子月 丁卯日,,,
2024-11-10,甲辰年 丙子月 戊辰日,,,
2024-11-11,甲辰年 丙子月 己巳日,,,
2024-11-12,甲辰年 丙子月 庚午日,,,
2024-11-13,甲辰年 丙子月 辛未日,,,
2024-11-14,甲辰年 丙子月 壬申日,,,
2024-11-15,甲辰年 丙子月 癸酉日,,,
2024-11-16,甲辰年 丙子月 甲戌日,,,
2024-11-17,甲辰年 丙子月 乙亥日,,,
2024-11-18,甲辰年 丙子月 丙子日,,,
2024-11-19,甲辰年 丙子月 丁丑日,,,
2024-11-20,甲辰年 丙子月 戊寅日,,,
2024-11-21,甲辰年 丙子月 己卯日,,,
2024-11-22,甲辰年 丙子月 庚辰日,소설,,
2024-11-23,甲辰年 丙子月 辛巳日,,,
2024-11-24,甲辰年 丙子月 壬午日,,,
2024-11-25,甲辰年 丙子月 癸未日,,,
2024-11-26,甲辰年 丙子月 甲申日,,,
2024-11-27,甲辰年 丙子月 乙酉日,,,
2024-11-28,甲辰年 丙子月 丙戌日,,,
2024-11-29,甲辰年 丙子月 丁亥日,,,
2024-11-30,甲辰年 丙子月 戊子日,,,
2024-12-01,甲辰年 丁丑月 己丑日,,,
2024-12-02,甲辰年 丁丑月 庚寅日,,,
2024-12-03,甲辰年 丁丑月 辛卯日,,,
2024-12-04,甲辰年 丁丑月 壬辰日,,,
2024-12-05,甲辰年 丁丑月 癸巳日,,,
2024-12-06,甲辰年 丁丑月 甲午日,,,
2024-12-07,甲辰年 丁丑月 乙未日,대설,,
2024-12-08,甲辰年 丁丑月 丙申日,,,
2024-12-09,甲辰年 丁丑月 丁酉日,,,
2024-12-10,甲辰年 丁丑月 戊戌日,,,
2024-12-11,甲辰年 丁丑月 己亥日,,,
2024-12-12,甲辰年 丁丑月 庚子日,,,
2024-12-13,甲辰年 丁丑月 辛丑日,,,
2024-12-14,甲辰年 丁丑月 壬寅日,,,
2024-12-15,甲辰年 丁丑月 癸卯日,,,
2024-12-16,甲辰年 丁丑月 甲辰日,,,
2024-12-17,甲辰年 丁丑月 乙巳日,,,
2024-12-18,甲辰年 丁丑月 丙午日,,,
2024-12-19,甲辰年 丁丑月 丁未日,,,
2024-12-20,甲辰年 丁丑月 戊申日,,,
2024-12-21,甲辰年 丁丑月 己酉日,,,
2024-12-22,甲辰年 丁丑月 庚戌日,동지,,
2024-12-23,甲辰年 丁丑月 辛亥日,,,
2024-12-24,甲辰年 丁丑月 壬子日,,,
2024-12-25,甲辰年 丁丑月 癸丑日,,,
2024-12-26,甲辰年 丁丑月 甲寅日,,,
2024-12-27,甲辰年 丁丑月 乙卯日,,,
2024-12-28,甲辰年 丁丑月 丙辰日,,,
2024-12-29,甲辰年 丁丑月 丁巳日,,,
2024-12-30,甲辰年 丁丑月 戊午日,,,
2024-12-31,甲辰年 丁丑月 己未日,,,
2025-01-01,甲辰年 丙寅月 庚申日,,,
2025-01-02,甲辰年 丙寅月 辛酉日,,,
2025-01-03,甲辰年 丙寅月 壬戌日,,,
2025-01-04,甲辰年 丙寅月 癸亥日,,,
2025-01-05,甲辰年 丙寅月 甲子日,,,
2025-01-06,甲辰年 丙寅月 乙丑日,소한,,
2025-01-07,甲辰年 丙寅月 丙寅日,,,
2025-01-08,甲辰年 丙寅月 丁卯日,,,
2025-01-09,甲辰年 丙寅月 戊辰日,,,
2025-01-10,甲辰年 丙寅月 己巳日,,,
2025-01-11,甲辰年 丙寅月 庚午日,,,
2025-01-12,甲辰年 丙寅月 辛未日,,,
2025-01-13,甲辰年 丙寅月 壬申日,,,
2025-01-14,甲辰年 丙寅月 癸酉日,,,
2025-01-15,甲辰年 丙寅月 甲戌日,,,
2025-01-16,甲辰年 丙寅月 乙亥日,,,
2025-01-17,甲辰年 丙寅月 丙子日,,,
2025-01-18,甲辰年 丙寅月 丁丑日,,,
2025-01-19,甲辰年 丙寅月 戊寅日,,,
2025-01-20,甲辰年 丙寅月 己卯日,대한,,
2025-01-21,甲辰年 丙寅月 庚辰日,,,
2025-01-22,甲辰年 丙寅月 辛巳日,,,
2025-01-23,甲辰年 丙寅月 壬午日,,,
2025-01-24,甲辰年 丙寅月 癸未日,,,
2025-01-25,甲辰年 丙寅月 甲申日,,,
2025-01-26,甲辰年 丙寅月 乙酉日,,,
2025-01-27,甲辰年 丙寅月 丙戌日,,,
2025-01-28,甲辰年 丙寅月 丁亥日,,,
2025-01-29,甲辰年 丙寅月 戊子日,,,
2025-01-30,甲辰年 丙寅月 己丑日,,,
2025-01-31,甲辰年 丙寅月 庚寅日,,,
2025-02-01,甲辰年 丁卯月 辛卯日,,,
2025-02-02,甲辰年 丁卯月 壬辰日,,,
2025-02-03,甲辰年 丁卯月 癸巳日,,,
2025-02-04,乙巳年 己卯月 甲午日,입춘,,
2025-02-05,乙巳年 己卯月 乙未日,,,
2025-02-06,乙巳年 己卯月 丙申日,,,
2025-02-07,乙巳年 己卯月 丁酉日,,,
2025-02-08,乙巳年 己卯月 戊戌日,,,
2025-02-09,乙巳年 己卯月 己亥日,,,
2025-02-10,乙巳年 己卯月 庚子日,,,
2025-02-11,乙巳年 己卯月 辛丑日,,,
2025-02-12,乙巳年 己卯月 壬寅日,,,
2025-02-13,乙巳年 己卯月 癸卯日,,,
2025-02-14,乙巳年 己卯月 甲辰日,,,
2025-02-15,乙巳年 己卯月 乙巳日,,,
2025-02-16,乙巳年 己卯月 丙午日,,,
2025-02-17,乙巳年 己卯月 丁未日,,,
2025-02-18,乙巳年 己卯月 戊申日,,,
2025-02-19,乙巳年 己卯月 己酉日,우수,,
2025-02-20,乙巳年 己卯月 庚戌日,,,
2025-02-21,乙巳年 己卯月 辛亥日,,,
2025-02-22,乙巳年 己卯月 壬子日,,,
2025-02-23,乙巳年 己卯月 癸丑日,,,
2025-02-24,乙巳年 己卯月 甲寅日,,,
2025-02-25,乙巳年 己卯月 乙卯日,,,
2025-02-26,乙巳年 己卯月 丙辰日,,,
2025-02-27,乙巳年 己卯月 丁巳日,,,
2025-02-28,乙巳年 己卯月 戊午日,,,
2025-03-01,乙巳年 庚辰月 己未日,,,
2025-03-02,乙巳年 庚辰月 庚申日,,,
2025-03-03,乙巳年 庚辰月 辛酉日,,,
2025-03-04,乙巳年 庚辰月 壬戌日,,,
2025-03-05,乙巳年 庚辰月 癸亥日,,,
2025-03-06,乙巳年 庚辰月 甲子日,경칩,,
2025-03-07,乙巳年 庚辰月 乙丑日,,,
2025-03-08,乙巳年 庚辰月 丙寅日,,,
2025-03-09,乙巳年 庚辰月 丁卯日,,,
2025-03-10,乙巳年 庚辰月 戊辰日,,,
2025-03-11,乙巳年 庚辰月 己巳日,,,
2025-03-12,乙巳年 庚辰月 庚午日,,,
2025-03-13,乙巳年 庚辰月 辛未日,,,
2025-03-14,乙巳年 庚辰月 壬申日,,,
2025-03-15,乙巳年 庚辰月 癸酉日,,,
2025-03-16,乙巳年 庚辰月 甲戌日,,,
2025-03-17,乙巳年 庚辰月 乙亥日,,,
2025-03-18,乙巳年 庚辰月 丙子日,,,
2025-03-19,乙巳年 庚辰月 丁丑日,,,
2025-03-20,乙巳年 庚辰月 戊寅日,,,
2025-03-21,乙巳年 庚辰月 己卯日,춘분,,
2025-03-22,乙巳年 庚辰月 庚辰日,,,
2025-03-23,乙巳年 庚辰月 辛巳日,,,
2025-03-24,乙巳年 庚辰月 壬午日,,,
2025-03-25,乙巳年 庚辰月 癸未日,,,
2025-03-26,乙巳年 庚辰月 甲申日,,,
2025-03-27,乙巳年 庚辰月 乙酉日,,,
2025-03-28,乙巳年 庚辰月 丙戌日,,,
2025-03-29,乙巳年 庚辰月 丁亥日,,,
2025-03-30,乙巳年 庚辰月 戊子日,,,
2025-03-31,乙巳年 庚辰月 己丑日,,,
2025-04-01,乙巳年 辛巳月 庚寅日,,,
2025-04-02,乙巳年 辛巳月 辛卯日,,,
2025-04-03,乙巳年 辛巳月 壬辰日,,,
2025-04-04,乙巳年 辛巳月 癸巳日,,,
2025-04-05,乙巳年 辛巳月 甲午日,청명,,
2025-04-06,乙巳年 辛巳月 乙未日,,,
2025-04-07,乙巳年 辛巳月 丙申日,,,
2025-04-08,乙巳年 辛巳月 丁酉日,,,
2025-04-09,乙巳年 辛巳月 戊戌日,,,
2025-04-10,乙巳年 辛巳月 己亥日,,,
2025-04-11,乙巳年 辛巳月 庚子日,,,
2025-04-12,乙巳年 辛巳月 辛丑日,,,
2025-04-13,乙巳年 辛巳月 壬寅日,,,
2025-04-14,乙巳年 辛巳月 癸卯日,,,
2025-04-15,乙巳年 辛巳月 甲辰日,,,
2025-04-16,乙巳年 辛巳月 乙巳日,,,
2025-04-17,乙巳年 辛巳月 丙午日,,,
2025-04-18,乙巳年 辛巳月 丁未日,,,
2025-04-19,乙巳年 辛巳月 戊申日,,,
2025-04-20,乙巳年 辛巳月 己酉日,곡우,,
2025-04-21,乙巳年 辛巳月 庚戌日,,,
2025-04-22,乙巳年 辛巳月 辛亥日,,,
2025-04-23,乙巳年 辛巳月 壬子日,,,
2025-04-24,乙巳年 辛巳月 癸丑日,,,
2025-04-25,乙巳年 辛巳月 甲寅日,,,
2025-04-26,乙巳年 辛巳月 乙卯日,,,
2025-04-27,乙巳年 辛巳月 丙辰日,,,
2025-04-28,乙巳年 辛巳月 丁巳日,,,
2025-04-29,乙巳年 辛巳月 戊午日,,,
2025-04-30,乙巳年 辛巳月 己未日,,,
2025-05-01,乙巳年 壬午月 庚申日,,,
2025-05-02,乙巳年 壬午月 辛酉日,,,
2025-05-03,乙巳年 壬午月 壬戌日,,,
2025-05-04,乙巳年 壬午月 癸亥日,,,
2025-05-05,乙巳年 壬午月 甲子日,,,
2025-05-06,乙巳年 壬午月 乙丑日,입하,,
2025-05-07,乙巳年 壬午月 丙寅日,,,
2025-05-08,乙巳年 壬午月 丁卯日,,,
2025-05-09,乙巳年 壬午月 戊辰日,,,
2025-05-10,乙巳年 壬午月 己巳日,,,
2025-05-11,乙巳年 壬午月 庚午日,,,
2025-05-12,乙巳年 壬午月 辛未日,,,
2025-05-13,乙巳年 壬午月 壬申日,,,
2025-05-14,乙巳年 壬午月 癸酉日,,,
2025-05-15,乙巳年 壬午月 甲戌日,,,
2025-05-16,乙巳年 壬午月 乙亥日,,,
2025-05-17,乙巳年 壬午月 丙子日,,,
2025-05-18,乙巳年 壬午月 丁丑日,,,
2025-05-19,乙巳年 壬午月 戊寅日,,,
2025-05-20,乙巳年 壬午月 己卯日,,,
2025-05-21,乙巳年 壬午月 庚辰日,소만,,
2025-05-22,乙巳年 壬午月 辛巳日,,,
2025-05-23,乙巳年 壬午月 壬午日,,,
2025-05-24,乙巳年 壬午月 癸未日,,,
2025-05-25,乙巳年 壬午月 甲申日,,,
2025-05-26,乙巳年 壬午月 乙酉日,,,
2025-05-27,乙巳年 壬午月 丙戌日,,,
2025-05-28,乙巳年 壬午月 丁亥日,,,
2025-05-29,乙巳年 壬午月 戊子日,,,
2025-05-30,乙巳年 壬午月 己丑日,,,
2025-05-31,乙巳年 壬午月 庚寅日,,,
2025-06-01,乙巳年 癸未月 辛卯日,,,
2025-06-02,乙巳年 癸未月 壬辰日,,,
2025-06-03,乙巳年 癸未月 癸巳日,,,
2025-06-04,乙巳年 癸未月 甲午日,,,
2025-06-05,乙巳年 癸未月 乙未日,,,
2025-06-06,乙巳年 癸未月 丙申日,망종,,
2025-06-07,乙巳年 癸未月 丁酉日,,,
2025-06-08,乙巳年 癸未月 戊戌日,,,
2025-06-09,乙巳年 癸未月 己亥日,,,
2025-06-10,乙巳年 癸未月 庚子日,,,
2025-06-11,乙巳年 癸未月 辛丑日,,,
2025-06-12,乙巳年 癸未月 壬寅日,,,
2025-06-13,乙巳年 癸未月 癸卯日,,,
2025-06-14,乙巳年 癸未月 甲辰日,,,
2025-06-15,乙巳年 癸未月 乙巳日,,,
2025-06-16,乙巳年 癸未月 丙午日,,,
2025-06-17,乙巳年 癸未月 丁未日,,,
2025-06-18,乙巳年 癸未月 戊申日,,,
2025-06-19,乙巳年 癸未月 己酉日,,,
2025-06-20,乙巳年 癸未月 庚戌日,,,
2025-06-21,乙巳年 癸未月 辛亥日,하지,,
2025-06-22,乙巳年 癸未月 壬子日,,,
2025-06-23,乙巳年 癸未月 癸丑日,,,
2025-06-24,乙巳年 癸未月 甲寅日,,,
2025-06-25,乙巳年 癸未月 乙卯日,,,
2025-06-26,乙巳年 癸未月 丙辰日,,,
2025-06-27,乙巳年 癸未月 丁巳日,,,
2025-06-28,乙巳年 癸未月 戊午日,,,
2025-06-29,乙巳年 癸未月 己未日,,,
2025-06-30,乙巳年 癸未月 庚申日,,,
2025-07-01,乙巳年 甲申月 辛酉日,,,
2025-07-02,乙巳年 甲申月 壬戌日,,,
2025-07-03,乙巳年 甲申月 癸亥日,,,
2025-07-04,乙巳年 甲申月 甲子日,,,
2025-07-05,乙巳年 甲申月 乙丑日,,,
2025-07-06,乙巳年 甲申月 丙寅日,,,
2025-07-07,乙巳年 甲申月 丁卯日,소서,,
2025-07-08,乙巳年 甲申月 戊辰日,,,
2025-07-09,乙巳年 甲申月 己巳日,,,
2025-07-10,乙巳年 甲申月 庚午日,,,
2025-07-11,乙巳年 甲申月 辛未日,,,
2025-07-12,乙巳年 甲申月 壬申日,,,
2025-07-13,乙巳年 甲申月 癸酉日,,,
2025-07-14,乙巳年 甲申月 甲戌日,,,
2025-07-15,乙巳年 甲申月 乙亥日,,,
2025-07-16,乙巳年 甲申月 丙子日,,,
2025-07-17,乙巳年 甲申月 丁丑日,,,
2025-07-18,乙巳年 甲申月 戊寅日,,,
2025-07-19,乙巳年 甲申月 己卯日,,,
2025-07-20,乙巳年 甲申月 庚辰日,,,
2025-07-21,乙巳年 甲申月 辛巳日,,,
2025-07-22,乙巳年 甲申月 壬午日,,,
2025-07-23,乙巳年 甲申月 癸未日,대서,,
2025-07-24,乙巳年 甲申月 甲申日,,,
2025-07-25,乙巳年 甲申月 乙酉日,,,
2025-07-26,乙巳年 甲申月 丙戌日,,,
2025-07-27,乙巳年 甲申月 丁亥日,,,
2025-07-28,乙巳年 甲申月 戊子日,,,
2025-07-29,乙巳年 甲申月 己丑日,,,
2025-07-30,乙巳年 甲申月 庚寅日,,,
2025-07-31,乙巳年 甲申月 辛卯日,,,
2025-08-01,乙巳年 乙酉月 壬辰日,,,
2025-08-02,乙巳年 乙酉月 癸巳日,,,
2025-08-03,乙巳年 乙酉月 甲午日,,,
2025-08-04,乙巳年 乙酉月 乙未日,,,
2025-08-05,乙巳年 乙酉月 丙申日,,,
2025-08-06,乙巳年 乙酉月 丁酉日,,,
2025-08-07,乙巳年 乙酉月 戊戌日,,,
2025-08-08,乙巳年 乙酉月 己亥日,입추,,
2025-08-09,乙巳年 乙酉月 庚子日,,,
2025-08-10,乙巳年 乙酉月 辛丑日,,,
2025-08-11,乙巳年 乙酉月 壬寅日,,,
2025-08-12,乙巳年 乙酉月 癸卯日,,,
2025-08-13,乙巳年 乙酉月 甲辰日,,,
2025-08-14,乙巳年 乙酉月 乙巳日,,,
2025-08-15,乙巳年 乙酉月 丙午日,,,
2025-08-16,乙巳年 乙酉月 丁未日,,,
2025-08-17,乙巳年 乙酉月 戊申日,,,
2025-08-18,乙巳年 乙酉月 己酉日,,,
2025-08-19,乙巳年 乙酉月 庚戌日,,,
2025-08-20,乙巳年 乙酉月 辛亥日,,,
2025-08-21,乙巳年 乙酉月 壬子日,,,
2025-08-22,乙巳年 乙酉月 癸丑日,,,
2025-08-23,乙巳年 乙酉月 甲寅日,처서,,
2025-08-24,乙巳年 乙酉月 乙卯日,,,
2025-08-25,乙巳年 乙酉月 丙辰日,,,
2025-08-26,乙巳年 乙酉月 丁巳日,,,
2025-08-27,乙巳年 乙酉月 戊午日,,,
2025-08-28,乙巳年 乙酉月 己未日,,,
2025-08-29,乙巳年 乙酉月 庚申日,,,
2025-08-30,乙巳年 乙酉月 辛酉日,,,
2025-08-31,乙巳年 乙酉月 壬戌日,,,
2025-09-01,乙巳年 丙戌月 癸亥日,,,
2025-09-02,乙巳年 丙戌月 甲子日,,,
2025-09-03,乙巳年 丙戌月 乙丑日,,,
2025-09-04,乙巳年 丙戌月 丙寅日,,,
2025-09-05,乙巳年 丙戌月 丁卯日,,,
2025-09-06,乙巳年 丙戌月 戊辰日,,,
2025-09-07,乙巳年 丙戌月 己巳日,,,
2025-09-08,乙巳年 丙戌月 庚午日,백로,,
2025-09-09,乙巳年 丙戌月 辛未日,,,
2025-09-10,乙巳年 丙戌月 壬申日,,,
2025-09-11,乙巳年 丙戌月 癸酉日,,,
2025-09-12,乙巳年 丙戌月 甲戌日,,,
2025-09-13,乙巳年 丙戌月 乙亥日,,,
2025-09-14,乙巳年 丙戌月 丙子日,,,
2025-09-15,乙巳年 丙戌月 丁丑日,,,
2025-09-16,乙巳年 丙戌月 戊寅日,,,
2025-09-17,乙巳年 丙戌月 己卯日,,,
2025-09-18,乙巳年 丙戌月 庚辰日,,,
2025-09-19,乙巳年 丙戌月 辛巳日,,,
2025-09-20,乙巳年 丙戌月 壬午日,,,
2025-09-21,乙巳年 丙戌月 癸未日,,,
2025-09-22,乙巳年 丙戌月 甲申日,,,
2025-09-23,乙巳年 丙戌月 乙酉日,추분,,
2025-09-24,乙巳年 丙戌月 丙戌日,,,
2025-09-25,乙巳年 丙戌月 丁亥日,,,
2025-09-26,乙巳年 丙戌月 戊子日,,,
2025-09-27,乙巳年 丙戌月 己丑日,,,
2025-09-28,乙巳年 丙戌月 庚寅日,,,
2025-09-29,乙巳年 丙戌月 辛卯日,,,
2025-09-30,乙巳年 丙戌月 壬辰日,,,
2025-10-01,乙巳年 丁亥月 癸巳日,,,
2025-10-02,乙巳年 丁亥月 甲午日,,,
2025-10-03,乙巳年 丁亥月 乙未日,,,
2025-10-04,乙巳年 丁亥月 丙申日,,,
2025-10-05,乙巳年 丁亥月 丁酉日,,,
2025-10-06,乙巳年 丁亥月 戊戌日,,,
2025-10-07,乙巳年 丁亥月 己亥日,,,
2025-10-08,乙巳年 丁亥月 庚子日,한로,,
2025-10-09,乙巳年 丁亥月 辛丑日,,,
2025-10-10,乙巳年 丁亥月 壬寅日,,,
2025-10-11,乙巳年 丁亥月 癸卯日,,,
2025-10-12,乙巳年 丁亥月 甲辰日,,,
2025-10-13,乙巳年 丁亥月 乙巳日,,,
2025-10-14,乙巳年 丁亥月 丙午日,,,
2025-10-15,乙巳年 丁亥月 丁未日,,,
2025-10-16,乙巳年 丁亥月 戊申日,,,
2025-10-17,乙巳年 丁亥月 己酉日,,,
2025-10-18,乙巳年 丁亥月 庚戌日,,,
2025-10-19,乙巳年 丁亥月 辛亥日,,,
2025-10-20,乙巳年 丁亥月 壬子日,,,
2025-10-21,乙巳年 丁亥月 癸丑日,,,
2025-10-22,乙巳年 丁亥月 甲寅日,,,
2025-10-23,乙巳年 丁亥月 乙卯日,,,
2025-10-24,乙巳年 丁亥月 丙辰日,상강,,
2025-10-25,乙巳年 丁亥月 丁巳日,,,
2025-10-26,乙巳年 丁亥月 戊午日,,,
2025-10-27,乙巳年 丁亥月 己未日,,,
2025-10-28,乙巳年 丁亥月 庚申日,,,
2025-10-29,乙巳年 丁亥月 辛酉日,,,
2025-10-30,乙巳年 丁亥月 壬戌日,,,
2025-10-31,乙巳年 丁亥月 癸亥日,,,
2025-11-01,乙巳年 戊子月 甲子日,,,
2025-11-02,乙巳年 戊子月 乙丑日,,,
2025-11-03,乙巳年 戊子月 丙寅日,,,
2025-11-04,乙巳年 戊子月 丁卯日,,,
2025-11-05,乙巳年 戊子月 戊辰日,,,
2025-11-06,乙巳年 戊子月 己巳日,,,
2025-11-07,乙巳年 戊子月 庚午日,,,
2025-11-08,乙巳年 戊子月 辛未日,입동,,
2025-11-09,乙巳年 戊子月 壬申日,,,
2025-11-10,乙巳年 戊子月 癸酉日,,,
2025-11-11,乙巳年 戊子月 甲戌日,,,
2025-11-12,乙巳年 戊子月 乙亥日,,,
2025-11-13,乙巳年 戊子月 丙子日,,,
2025-11-14,乙巳年 戊子月 丁丑日,,,
2025-11-15,乙巳年 戊子月 戊寅日,,,
2025-11-16,乙巳年 戊子月 己卯日,,,
2025-11-17,乙巳年 戊子月 庚辰日,,,
2025-11-18,乙巳年 戊子月 辛巳日,,,
2025-11-19,乙巳年 戊子月 壬午日,,,
2025-11-20,乙巳年 戊子月 癸未日,,,
2025-11-21,乙巳年 戊子月 甲申日,,,
2025-11-22,乙巳年 戊子月 乙酉日,소설,,
2025-11-23,乙巳年 戊子月 丙戌日,,,
2025-11-24,乙巳年 戊子月 丁亥日,,,
2025-11-25,乙巳年 戊子月 戊子日,,,
2025-11-26,乙巳年 戊子月 己丑日,,,
2025-11-27,乙巳年 戊子月 庚寅日,,,
2025-11-28,乙巳年 戊子月 辛卯日,,,
2025-11-29,乙巳年 戊子月 壬辰日,,,
2025-11-30,乙巳年 戊子月 癸巳日,,,
2025-12-01,乙巳年 己丑月 甲午日,,,
2025-12-02,乙巳年 己丑月 乙未日,,,
2025-12-03,乙巳年 己丑月 丙申日,,,
2025-12-04,乙巳年 己丑月 丁酉日,,,
2025-12-05,乙巳年 己丑月 戊戌日,,,
2025-12-06,乙巳年 己丑月 己亥日,,,
2025-12-07,乙巳年 己丑月 庚子日,대설,,
2025-12-08,乙巳年 己丑月 辛丑日,,,
2025-12-09,乙巳年 己丑月 壬寅日,,,
2025-12-10,乙巳年 己丑月 癸卯日,,,
2025-12-11,乙巳年 己丑月 甲辰日,,,
2025-12-12,乙巳年 己丑月 乙巳日,,,
2025-12-13,乙巳年 己丑月 丙午日,,,
2025-12-14,乙巳年 己丑月 丁未日,,,
2025-12-15,乙巳年 己丑月 戊申日,,,
2025-12-16,乙巳年 己丑月 己酉日,,,
2025-12-17,乙巳年 己丑月 庚戌日,,,
2025-12-18,乙巳年 己丑月 辛亥日,,,
2025-12-19,乙巳年 己丑月 壬子日,,,
2025-12-20,乙巳年 己丑月 癸丑日,,,
2025-12-21,乙巳年 己丑月 甲寅日,,,
2025-12-22,乙巳年 己丑月 乙卯日,동지,,
2025-12-23,乙巳年 己丑月 丙辰日,,,
2025-12-24,乙巳年 己丑月 丁巳日,,,
2025-12-25,乙巳年 己丑月 戊午日,,,
2025-12-26,乙巳年 己丑月 己未日,,,
2025-12-27,乙巳年 己丑月 庚申日,,,
2025-12-28,乙巳年 己丑月 辛酉日,,,
2025-12-29,乙巳年 己丑月 壬戌日,,,
2025-12-30,乙巳年 己丑月 癸亥日,,,
2025-12-31,乙巳年 己丑月 甲子日,,,
